delhaize_name,action,pyfooda_name,llm_raw_name,grams
1 PATRON BUTTERNUT,match,"BUTTERNUT SQUASH, BUTTERNUT","BUTTERNUT SQUASH, BUTTERNUT",
"1,005 KG X 3,79/ KG",ignore,,,
"1,125 KG X 1,95/ KG",ignore,,,
"1,125 KG X 3,15/ KG",ignore,,,
"1,240 KG X 2,99/ KG",ignore,,,
"1,25 KG X",ignore,,,
"1,640 KG X",ignore,,,
1.25MARTYD,ignore,,,
1.5KG SINASAPPEL PA,ignore,,,
1.5L COCA REG PET,ignore,,,
1.5L GINI LEMON,match,LEMON,LEMON,
1.5L SCHWEPP MOJIT,ignore,,,
1.5L SCHWEPPES TON,match,"SCHWEPPES TONIC WATER, 7.5 FL OZ, 6 COUNT","SCHWEPPES TONIC WATER, 7.5 FL OZ, 6 COUNT",
1.5L VICHY CELEST,match,1 LITER BOTTLE VICHY WATER,1 LITER BOTTLE VICHY WATER,
10 M GEL LIEN FIX,ignore,,,
100G COTE D'OR PAI,match,"COTE D'OR, BELGIAN DARK CHOCOLATE","COTE D'OR, BELGIAN DARK CHOCOLATE",100.0
100G DLF 4 BOUCHEE,ignore,,,
100G MKA CHOC LAIT,match,CHOCOLAT LAIT MILK CHOCOLATE,CHOCOLAT LAIT MILK CHOCOLATE,100.0
100GR JERUSAPOUSS,ignore,,,
100GR JEUNES POUS,ignore,,,
100GR JEUNES POUSS,ignore,,,
100ML MERC 70%ALC,ignore,,,
10X18.5G YOERRY,ignore,,,
120G BLINI LEG BIO,match,BIO ACTIVE MANUKA HONEY,BIO ACTIVE MANUKA HONEY,120.0
125G BOULES PAPRIK,match,ALL NATURAL SOUP BOULES,ALL NATURAL SOUP BOULES,125.0
125G BUGLES PAPRIK,match,Bugles Orig Crispy Corn Snacks,Bugles Orig Crispy Corn Snacks,125.0
125G CHIPS SEL,match,CHIPS,CHIPS,125.0
125G D365 MAQ TOUR,ignore,,,
125G DLL CASSAVE,ignore,,,
125G DLL CRAC A,ignore,,,
125G EAGLES CHEESE,match,CHEESE,CHEESE,125.0
125G HUGLES CHEESE,match,CHEESE,CHEESE,125.0
125G HUGLES NATURE,match,NATURE FLAVORED WATER,NATURE FLAVORED WATER,125.0
125G HUGLES PAPRIK,ignore,,,
125GR MESCLUN,match,MESCLUN GOAT CHEESE SALAD,MESCLUN GOAT CHEESE SALAD,125.0
12T KNOOR BOU POU,ignore,,,
132G B-READY T6,match,"FERERRO, NUTELLA, B-READY FILLED WAFER BARS","FERERRO, NUTELLA, B-READY FILLED WAFER BARS",132.0
140G POUSE MIX,match,MIX,MIX,140.0
140G ROCK SALT,match,ROCK CANDY,ROCK CANDY,140.0
15 DREFT ADM PLAT,ignore,,,
150G MILKA CHO TUT,match,MILKA CHOCOLATE,MILKA CHOCOLATE,150.0
150ML REX COB DRY,ignore,,,
150ML REX QUANT DR,ignore,,,
16+,ignore,,,
160G FEVES DE SOJA,match,SOY BOISSON AUY SOJA,SOY BOISSON AUY SOJA,160.0
165G PRINGLES ORIG,match,PRINGLES CRISPS ORIGINAL 12.6OZ,PRINGLES CRISPS ORIGINAL 12.6OZ,165.0
"175GR CHICON GAST 3,00",ignore,,,
175GR JEUNES POUSS,ignore,,,
175GR JEUNES POUSSE,ignore,,,
185G LAYS NATUREL,match,Lays Garlic 1.5z,Lays Garlic 1.5z,185.0
185G LAYS PAPRIKA,match,PAPRIKA,PAPRIKA,185.0
185G LAYS S&BL.DEP,match,Lays Garlic 1.5z,Lays Garlic 1.5z,185.0
185G LAYS S&BL.PEP,match,Lays Garlic 1.5z,Lays Garlic 1.5z,185.0
185G LAYS S&L.PEP,match,Lays Garlic 1.5z,Lays Garlic 1.5z,185.0
185G LAYS S4BL PEP,match,Lays Garlic 1.5z,Lays Garlic 1.5z,185.0
185G LAYS SABL.PEP,match,Lays Garlic 1.5z,Lays Garlic 1.5z,185.0
185G POIS CA,match,EARLY SPRING PETIT POIS PEAS,EARLY SPRING PETIT POIS PEAS,185.0
185G SM NACHO TORTILLA,match,"NACHO TORTILLA CHIPS, NACHO","NACHO TORTILLA CHIPS, NACHO",185.0
185G TORTIL CHILI,match,"TORTILLA CHIPS, CHILI","TORTILLA CHIPS, CHILI",185.0
190G THIN ROMARIN,match,"THIN BREADSTICKS, THIN","THIN BREADSTICKS, THIN",190.0
1KG FARINE FERMENT,match,WHEAT FLOUR,Wheat flour,1000.0
1KG TRESOR MILK,match,MILK,MILK,1000.0
1ST B'BETJIME BIO,match,ZOO BIO PASTA,ZOO BIO PASTA,
1TR CLASSIC BIO,match,ZOO BIO PASTA,ZOO BIO PASTA,
"2 X 1,99",ignore,,,
2 X 200G SM MINI TORTI,match,MINI,MINI,400.0
2 X AVOCAT,match,"Avocado, raw","Avocado, raw",
20 F BECKMANN,ignore,,,
20 NO STRESS BIO,match,ZOO BIO PASTA,ZOO BIO PASTA,
200G DE INSTANT GO,match,INSTANT,INSTANT,200.0
200G DLL FOIS BIOL,ignore,,,
200G DUUVIS CRAC A,match,GRADE A,GRADE A,200.0
200G DUVIES CRAC A,match,GRADE A,GRADE A,200.0
200G DUYVIS CRAAC A,match,GRADE A,GRADE A,200.0
200G DUYVIS CRAC A,match,GRADE A,GRADE A,200.0
200G MEDAILLON DE VEAU,match,"Veal, chop","Veal, braised",200.0
200G NUTELLA,match,NUTELLA FERRERO WITH BREADSTICKS,NUTELLA FERRERO WITH BREADSTICKS,200.0
200G PETAIND JEU,ignore,,,
200G SCROCCHI EP,match,SCROCCHI MIX,SCROCCHI MIX,200.0
200G SCROCHI EP,match,EP CIABATTA ROLLS,EP CIABATTA ROLLS,200.0
200G SM MINI TORTI,match,MINI,MINI,200.0
200GR EPINARD JEU,ignore,,,
200GR GUACAMOLE EP,match,GUACAMOLE,GUACAMOLE,200.0
200GR HOMMOUS,match,HOMMOUS DIP,HOMMOUS DIP,200.0
200GR HOUMOUS,ignore,,,
200GR HUMOUS,ignore,,,
200GR NOCE NOTEN,ignore,,,
200GR. HOUMOUS,ignore,,,
2025 GINGER BIO,match,"GINGER PROBIOTIC BEVERAGE, GINGER","GINGER PROBIOTIC BEVERAGE, GINGER",2025.0
205 POISSA RELAX BIO,match,ZOO BIO PASTA,ZOO BIO PASTA,205.0
205 ST OAL BIO,match,ZOO BIO PASTA,ZOO BIO PASTA,205.0
2065 PEHL NEW BIO,match,ZOO BIO PASTA,ZOO BIO PASTA,2065.0
20CL CAPR-SUN TROP,match,V8 ENGY TROP GRN,V8 ENGY TROP GRN,200.0
2145,ignore,,,
220G PAIN,match,PAIN BEAUCAIRE,PAIN BEAUCAIRE,220.0
220G PAIN 8X,match,PAIN BEAUCAIRE,PAIN BEAUCAIRE,220.0
224G GAUF VANI CHO,ignore,,,
24 DLI BOUGIES,ignore,,,
2400 G SANS GL/LAC,ignore,,,
240G GAUF VANI CHO,ignore,,,
250G CRUNCHY BIO,match,"CRUNCHY GHERKINS, CRUNCHY","CRUNCHY GHERKINS, CRUNCHY",250.0
250G DLI TORT RIC,match,ENRICHED RIC,ENRICHED RIC,250.0
250G DLL FRAISES,match,STRAWBERRIES FRAISES,STRAWBERRIES FRAISES,250.0
250G DLL FRAMBOISE,match,SORBET A LA FRAMBOISE,SORBET A LA FRAMBOISE,250.0
250G DLL MYRTILLES,match,"Blueberries, raw","Blueberries, raw",250.0
250G DLL NICARAGUA,match,85% NICARAGUA ORGANIC DARK CHOCOLATE,85% NICARAGUA ORGANIC DARK CHOCOLATE,250.0
250G DLL TOA CHEST,match,"Nuts, chestnuts, european, raw, peeled","Chestnuts, european, raw",250.0
250G DLL TOA ROMARIN,match,"Rosemary, fresh","Rosemary, fresh",250.0
250G DLL TORI RIC,match,ENRICHED RIC,ENRICHED RIC,250.0
250G DLL TORRICOLO TOM,match,"TOM TOM SAUCE, TOM TOM","TOM TOM SAUCE, TOM TOM",250.0
250G DLL TORT RIC,match,ENRICHED RIC,ENRICHED RIC,250.0
250G L28 BRAZIL,match,"BRAZIL NUTS, BRAZIL","BRAZIL NUTS, BRAZIL",250.0
250G L28 INDONESIA,match,"Spices, ginger, ground","Spices, ginger, ground",250.0
250G LAVAZZA ROMA,match,"ROMA DICED TOMATOES, ROMA","ROMA DICED TOMATOES, ROMA",250.0
250G MKA MELO CAKE,match,CAKE,CAKE,250.0
250G NOCCIOLAT BIO,match,HAZELNUT SPREAD,Hazelnut spread,250.0
250G PATE TARTINER,match,ARTICHOKE PATE,ARTICHOKE PATE,250.0
250G PEST BASIL,match,"BASIL PESTO, BASIL","BASIL PESTO, BASIL",250.0
250G TORRICOLO TOM,match,"TOM TOM SAUCE, TOM TOM","TOM TOM SAUCE, TOM TOM",250.0
250G TORTELLO TOM,match,"TOM TOM SAUCE, TOM TOM","TOM TOM SAUCE, TOM TOM",250.0
250GR TOGRELLO TOM,match,"TOM TOM SAUCE, TOM TOM","TOM TOM SAUCE, TOM TOM",250.0
250ML AXE SG MOJIT,ignore,,,
250ML H.OLIVE CITR,ignore,,,
250ML HO HERB ITAL,ignore,,,
250ML REAL MAYO SQ,match,REAL MAYO,REAL MAYO,250.0
255G DLL TOAST,match,Anisette toast,Anisette toast,255.0
25CL CORE ZERO PET,ignore,,,
25G LIME GRILLS,match,"LIME COLA, LIME","LIME COLA, LIME",25.0
28 TENA ULT MINI,ignore,,,
280G DLL ARTICH GR,match,"Artichokes, (globe or french), raw","Artichokes, (globe or french), raw",280.0
286G FITNESS BAGUE,match,FITNESS MIX,FITNESS MIX,286.0
2PC MINI CAKE CHO,match,MINI CAKE,MINI CAKE,
2R DIL ESS TT DEC,ignore,,,
2X90G HAR. RO 0%SE,ignore,,,
2X90G LENTIL 0%SEL,match,"LENTIL BOLOGNESE, LENTIL","LENTIL BOLOGNESE, LENTIL",180.0
3 MOUSQUET NOIS BIO,match,HAZELNUT,Hazelnut,
3 X 1.55,ignore,,,
300G COTE D OR PAT,match,"COTE D'OR, BELGIAN DARK CHOCOLATE","COTE D'OR, BELGIAN DARK CHOCOLATE",300.0
300G DLL CARE PATE,match,ARTICHOKE PATE,ARTICHOKE PATE,300.0
300G FLOC AVOI BIO,match,OATS,Oats,300.0
300G LECHE,match,LECHE CONDENSADA,LECHE CONDENSADA,300.0
300G LOTUS JUM GAU,match,LOTUS CHIPS,LOTUS CHIPS,300.0
300G NUTELLA,match,NUTELLA FERRERO WITH BREADSTICKS,NUTELLA FERRERO WITH BREADSTICKS,300.0
300G POMME PINK LAD,match,"PINK LADY APPLES, PINK LADY","Apples, raw, pink lady",300.0
300G SW WIT NOUILL,match,"Noodles, chinese, chow mein","Noodles, chinese, chow mein",300.0
300NL SAMOURAI SQ,ignore,,,
325G EPERCAC CREME,match,"CREME BRULEE, CREME","CREME BRULEE, CREME",325.0
325G PAT CAC CREME,match,"CREME BRULEE, CREME","CREME BRULEE, CREME",325.0
"325G PAT CAC CREME 4,19",match,"CREME BRULEE, CREME","CREME BRULEE, CREME",325.0
32CL MOGU MOGU FR,ignore,,,
33C CANADA DRY CAN,ignore,,,
33CL LA CHOUFFE,ignore,,,
33CL SCH GINGER AL,ignore,,,
33CL SCHW MOJITO Z,ignore,,,
33CL SCHWEPPES TON,ignore,,,
340G PAIN TOM KET,match,"Bread, white, commercially prepared","Bread, white, commercially prepared",340.0
342G HEINZ TOM KET,match,HEINZ TOMATO KETCHUP,HEINZ TOMATO KETCHUP,342.0
342G HELNZ TOM KET,match,HEINZ TOMATO KETCHUP,HEINZ TOMATO KETCHUP,342.0
350G BG GRANOLA,match,GRANOLA,Granola,350.0
350G CACAH/CACAO,ignore,,,
350G CHOCO-CARAMEL,ignore,,,
350G DLL MIEL BIO,match,HONEY,Honey,350.0
350G GRANOLA CHOC,match,GRANOLA,Granola,350.0
350G HG GRANOLA,match,GRANOLA,Granola,350.0
35G MEDIT HERB MIX,match,"GARLIC HERB, GARLIC","Spices, herb, mixed",35.0
360G CRUNCHY CREAM,ignore,,,
364ML DOUX REM MERV,ignore,,,
365 HARICOTS V COU,match,"Beans, snap, green, raw","Green beans, snap, raw",365.0
375G CHOCO LAIT,match,MILK CHOCOLATE,Milk chocolate,375.0
375G XTRA CHO NOIR,match,"CHOCOLATE, DARK CHOCOLATE HAZELNUT TRUFFLE","Chocolate, dark",375.0
380G VERMICEL LAIT,match,MILK CHOCOLATE,Milk chocolate,380.0
390G VERMICEL LAIT,match,MILK CHOCOLATE,Milk chocolate,390.0
3X200G DELH CAROTT,ignore,,,
3X200G THON NATURE,match,"Cherries, sour, canned, water pack, drained","Tuna, canned, white, water pack, drained",600.0
3X400G TOMAT PEL C,ignore,,,
4 STUK,ignore,,,
"4 X 1,39",ignore,,,
"4 X 1,89",ignore,,,
4 X 1L APEROL,ignore,,,
400G BICARBONATE,ignore,,,
400G DLI PATE NOIS,match,"CALVES LIVER PATE, CALVES LIVER","Pork, cured, pate, liver",400.0
400G DLL PATE NOI,match,"CALVES LIVER PATE, CALVES LIVER","Pork, cured, pate, liver",400.0
400G DLL PATE NOIS,match,"CALVES LIVER PATE, CALVES LIVER","Pork, cured, pate, liver",400.0
400G EXQUISE BAG,ignore,,,
400G HEBEI LOOPS,ignore,,,
400G HONEY LOOPS,ignore,,,
400G MUC DUCHE DDL,ignore,,,
400G NUTELLA,match,HAZELNUT SPREAD,Hazelnut spread,400.0
400G PATE NOI CRU,match,"CALVES LIVER PATE, CALVES LIVER","Pork, cured, pate, liver",400.0
400G PATE NOIS CRU,match,"CALVES LIVER PATE, CALVES LIVER","Pork, cured, pate, liver",400.0
400G SAUMON FUM NOR,match,SMOKED SALMON,Smoked salmon,400.0
400G TOM.CRISES,ignore,,,
400G TRAGSTE BROOD P,match,"Bread, white, commercially prepared","Bread, white, commercially prepared",400.0
400GR TOM CERISES,match,"CHERRY TOMATOES, CHERRY","Tomatoes, cherry",400.0
400GR TOM.CRISES,ignore,,,
400ML LAIT DE COCO,match,"Nuts, coconut water (liquid from coconuts)","Coconut milk, raw (liquid expressed from grated meat)",400.0
40G DLL PATE NOI,match,"CALVES LIVER PATE, CALVES LIVER","Pork, cured, pate, liver",40.0
40G MELANGE 5 BAIE,match,"Spices, pepper, black","Spices, pepper, blend",40.0
450G DIL BOIS BIOL,match,"Pickles, cucumber, dill or kosher dill","Pickles, cucumber, dill or sour",450.0
450G DLL POIS BIOL,match,"Peas, edible-podded, frozen, unprepared","Peas, green, frozen, unprepared",450.0
450G DLT FOIS BIOL,ignore,,,
450G MINI ROSTI,match,ROSTI,ROSTI,450.0
450G NESQUIK CEREA,match,NESQUIK Vanilla Lowfat Milk 14 fl oz Bottle,NESQUIK Vanilla Lowfat Milk 14 fl oz Bottle,450.0
450G NESSTIX CEREA,ignore,,,
450G QUAK MEUS NOI,ignore,,,
450G QUAK MUE MULT,ignore,,,
450G SKYR NATURE,match,SKYR,SKYR,450.0
4OOG NUTELLA,match,HAZELNUT SPREAD,Hazelnut spread,400.0
4X125GR ACTIVIA Y.,match,ACTIVIA PROBIOTIC DRINK,ACTIVIA PROBIOTIC DRINK,
4X4G DOUBLE LAIT,match,PAIN AU LAIT,PAIN AU LAIT,
4X50G DLL PAIN BIO,match,PAIN AU LAIT,PAIN AU LAIT,
500 POCHETTES PERF,ignore,,,
500G COUSCOUS PERL,match,COUSCOUS,COUSCOUS,500.0
500G DE CECCO GNOC,match,"DE CECCO, POTATO GNOCCHI NO. 401","DE CECCO, POTATO GNOCCHI NO. 401",500.0
500G DE CECCO RADI,match,Atole de avena,Atole de avena,500.0
500G DLL BIO SPAGH,match,ZOO BIO PASTA,ZOO BIO PASTA,500.0
500G ESRP GRAINS,match,ANCIENT GRAINS,ANCIENT GRAINS,500.0
500G MACCHERONI,match,"ITALIAN MACARONI PRODUCT, MACCHERONI","ITALIAN MACARONI PRODUCT, MACCHERONI",500.0
500G MIX 7 LAIT CHO,match,PAIN AU LAIT,PAIN AU LAIT,500.0
500G PEST AL EBR,match,"AL PASTOR COOKING SAUCE, AL PASTOR","AL PASTOR COOKING SAUCE, AL PASTOR",500.0
500G ROMB DESSERT,match,DESSERT,DESSERT,500.0
500G SP 3X LAIT CHO,match,PAIN AU LAIT,PAIN AU LAIT,500.0
500G SP K LAIT CHO,match,PAIN AU LAIT,PAIN AU LAIT,500.0
500GR L RIS GRAI,ignore,,,
500ML BECEL HUILE,match,PERRIER PET 500ML,PERRIER PET 500ML,
500ML DLL MAYO OEU,match,MAYO,MAYO,
500ML ERA SIRO BIO,match,PERRIER PET 500ML,PERRIER PET 500ML,
500ML HEINZ KETCH,match,HEINZ TOMATO KETCHUP,HEINZ TOMATO KETCHUP,
500ML OLIV EX,match,PERRIER PET 500ML,PERRIER PET 500ML,
50C COCA COLA REG.,match,COLA,COLA,
50CC SQC CANE C FT,match,C LOAF,C LOAF,
580G CHOCOS,ignore,,,
5G SM SAFFRAN,ignore,,,
"6 BOULES X 3,75/ KG",ignore,,,
6 PAINS HAMBURGER,match,HAMBURGER,HAMBURGER,
6 SM WRAP TORTILLA,match,TORTILLA WRAP KIT,TORTILLA WRAP KIT,
6 WHARS DE BLE,ignore,,,
6 WRAPS DE BLE,match,WRAPS,WRAPS,
600G DFL POMME PIN,match,"POSTOBON, SODA, POMME MELA APPLE","POSTOBON, SODA, POMME MELA APPLE",600.0
600G GAUFFRE POT,match,POT PIE,POT PIE,600.0
600G PM DUCH DIL,match,SUPER JUMBO DIL PICKLE,SUPER JUMBO DIL PICKLE,600.0
600G POM DUCH DLL,match,"BLUE POM ACAI YERBA MATE, BLUE POM ACAI","BLUE POM ACAI YERBA MATE, BLUE POM ACAI",600.0
60G MEDIT HERB MIX,match,HERB MIX,HERB MIX,60.0
60ML TAB PIME ROUG,ignore,,,
6BC POMME PINK LAD,match,"POSTOBON, SODA, POMME MELA APPLE","POSTOBON, SODA, POMME MELA APPLE",
6PC POMME PINK LAD,match,"POSTOBON, SODA, POMME MELA APPLE","POSTOBON, SODA, POMME MELA APPLE",
6PC POMME PINK LADY,match,"PINK LADY APPLES, PINK LADY","PINK LADY APPLES, PINK LADY",
6PC PUREE BELGE,match,PUREE,PUREE,
6X1L SANPELLEGRINO,match,SanPellegrino Pink Grapefruit Can 330ml,SanPellegrino Pink Grapefruit Can 330ml,
6X25CL APPLETISER,ignore,,,
6X25CL CRISTAL ORI,ignore,,,
6X25CL JUPILER 0.6E,ignore,,,
6X25CL JUPILER BAS,ignore,,,
6X33 SCHWEPPES LEM,match,Schweppes Classic Ginger Beer 6 x 250mL,Schweppes Classic Ginger Beer 6 x 250mL,
6X33C CANADA DRY,match,"CANADA DRY GINGER ALE, 1 LITER","CANADA DRY GINGER ALE, 1 LITER",
6X33CL 7UP,match,"7UP LEMON LIME CAKE, LEMON LIME","7UP LEMON LIME CAKE, LEMON LIME",
6X33CL CANADA DRY,match,"CANADA DRY GINGER ALE, 1 LITER","CANADA DRY GINGER ALE, 1 LITER",
6X33CL HOEG 0.0 CA,ignore,,,
6X33CL LEFFE 0.0 C,ignore,,,
6X33CL SCH GINGER,match,GINGER,GINGER,
6X33CL SCHWEPPES M,ignore,,,
6X33CL SCHWEPPES T,match,"SCHWEPPES GINGER ALE, 1 LITER","SCHWEPPES GINGER ALE, 1 LITER",
6X55ML MAGNUM ALMO,ignore,,,
6XSCHWEPPES MOJITO,match,Mojito,Mojito,
70G PATE CURRY JAU,match,CURRY,CURRY,70.0
75 CROZES HERM GAL,ignore,,,
75 NUVOOLA 19R BIO,ignore,,,
75 ROSE MONTAUR18R,match,"ROSE WATER, ROSE","ROSE WATER, ROSE",
750G DLL PATE NOI,match,LIVER PATE,LIVER PATE,750.0
750G DLL SEL MA IO,ignore,,,
750G MCC DUCHESSE,ignore,,,
750G NUTELLA,match,NUTELLA FERRERO WITH BREADSTICKS,NUTELLA FERRERO WITH BREADSTICKS,750.0
750G POMMES NOISET,match,APPLE POMMES,APPLE POMMES,750.0
750G PUREE BELGE,match,PUREE,PUREE,750.0
750G ROSET,ignore,,,
750G ROSTY,ignore,,,
75CL PROSECCO DOC,match,"PROSECCO WINE VINEGAR, PROSECCO","PROSECCO WINE VINEGAR, PROSECCO",
75G CHIPS POIS BIO,match,CHIPS,CHIPS,75.0
800G HARIC VER COU,ignore,,,
80G PROSC PARMA,match,PROSCIUTTO DI PARMA,PROSCIUTTO DI PARMA,80.0
"9 X 1,45",ignore,,,
ACDC FILET POULET,match,CHICKEN BREAST FILET,CHICKEN BREAST FILET,
ACTIV 4X125 0% FRA,ignore,,,
ACTIVIA MAXI MA,match,ACTIVIA PROBIOTIC DRINK,ACTIVIA PROBIOTIC DRINK,
ACTIVIA YOG ENT NA,match,ACTIVIA PROBIOTIC DRINK,ACTIVIA PROBIOTIC DRINK,
AIGUILLETTE DINDE,match,"Turkey, whole, breast, meat only, raw","Turkey, breast, meat only, raw",
ANCIENT SOLDE DE POINTS,ignore,,,
APPEL PINK LADY 6P,match,"PINK LADY APPLES, PINK LADY","PINK LADY APPLES, PINK LADY",
APPRE PINEA LADY 6P,match,"PINK LADY APPLES, PINK LADY","PINK LADY APPLES, PINK LADY",
AUBEL BEURRE 500G,match,BEURRE D'ISIGNY,BEURRE D'ISIGNY,500.0
AUBER BEURRE 500G,match,BEURRE D'ISIGNY,BEURRE D'ISIGNY,500.0
AUBERGINE GRAFFITI,match,"CUOCO, AUBERGINE AND VEGETABLE PUREE","CUOCO, AUBERGINE AND VEGETABLE PUREE",
AUBERGINES,match,"AUBERGINES CAPONATA, AUBERGINES","AUBERGINES CAPONATA, AUBERGINES",
AVANTAGES,ignore,,,
AVOCAI,ignore,,,
AVOCAT,match,"Avocados, raw, all commercial varieties","Avocado, raw, all commercial varieties",
BAGUETTE BEAU,match,BAGUETTE,BAGUETTE,
BALADE CREME 1L,match,"CREME BRULEE, CREME","CREME BRULEE, CREME",1000.0
BANANEN,match,"Bananas, raw","Bananas, raw",
BANANES,match,"Bananas, raw","Bananas, raw",
BARILLA SPAGHETTI5,match,BARILLA WHOLE GRAIN LINGUINE,BARILLA WHOLE GRAIN LINGUINE,
BASILIC 20G,match,"Basil, fresh","Basil, fresh",20.0
BASILIC EN POT BIO,match,"Basil, fresh","Basil, fresh",
BATEIN ROUGE SA PE,ignore,,,
BEBILIN POT BIO,ignore,,,
BECKMANN D. FRUITS,match,MIXED FRUIT,Mixed fruit,
BECKMANN D.GRAISSE,ignore,,,
BEN RIZ COMPLET,match,"Rice, brown, cooked, as ingredient","Rice, brown, long-grain, cooked",
BEURRE 500G,match,"BUTTER, SALTED","Butter, salted",500.0
BIG MEG 100GR,match,"PLAIN BUTTERMILK, PLAIN","Biscuit, plain or buttermilk, leavened with baking powder",100.0
BIO 300 FM PEN PES,ignore,,,
BIO = BE-BIO-01,ignore,,,
BIO AIL 2 PC,match,GARLIC,Garlic,
BIO BANANE,match,"Banana, raw","Banana, raw",
BIO BANANEN,match,"Banana, raw","Banana, raw",
"BIO BANANEN 0,560 KG X",match,"Banana, raw","Banana, raw",560.0
BIO BANANES,match,"Banana, raw","Banana, raw",
BIO BASILIC POT,match,"Basil, fresh","Basil, fresh",
BIO BAYANEN,match,"Banana, raw","Banana, raw",
BIO BE-BIO-01,ignore,,,
BIO BOEUF&PORC,match,"Pork, fresh, backfat, raw","Pork, fresh, composite of trimmed retail cuts",
BIO CAPOTES,match,"Capers, canned","Capers, canned",
BIO CAROTTES,match,"Carrot, dehydrated","Carrot, raw",
BIO CAROTTES 100GR JEUNES POUSS,match,"Carrot, dehydrated","Carrot, raw",100.0
"BIO CAROTTES 2,29",match,"Carrot, dehydrated","Carrot, raw",
BIO CITRON 4PC,match,"Oranges, raw, with peel","Lemon, raw, with peel",
BIO CITRON QC,match,"Oranges, raw, with peel","Lemon, raw, with peel",
BIO ECHALOTE,match,"Shallots, raw","Shallots, raw",
BIO GINGEMBRE,match,"GINGER, ORIGINAL","Ginger, raw",
BIO GOUTA TRANCHES,ignore,,,
BIO GUACAMOLE DOUX,match,GUACAMOLE,Guacamole,
BIO HOMOUS 200G,match,"Hummus, commercial","Hummus, commercial",200.0
BIO HOUMOUS 200G,match,"Hummus, commercial","Hummus, commercial",200.0
BIO HOUNMOUS 200G,match,"Hummus, commercial","Hummus, commercial",200.0
BIO MINT,match,"Peppermint, fresh","Mint, fresh",
"BIO PDT DOUCE 0,560 KG X",ignore,,,
BIO PDT FARINE 2KG,match,"Potatoes, white, flesh and skin, raw","Potato, white, flesh and skin, raw",2000.0
BIO PICCOLOS AVIONE,ignore,,,
BIO PITTEMIX 150G,ignore,,,
BIO THYM,match,"Thyme, fresh","Thyme, fresh",
BIOEATE CERISE GRAP,ignore,,,
BIOESCHE FILET POUL,match,"Chicken, breast, boneless, skinless, raw","Chicken, broiler or fryers, breast, skinless, boneless, raw",
BIOGR MESCUN,ignore,,,
BIS CREAM GLAC,match,"Cream, fluid, heavy whipping","Cream, fluid, heavy whipping",
BISCUITS BAGUE,match,"CRACKERS, PEANUT BUTTER","Crackers, wheat, sandwich-type with peanut butter filling",
BLE EMB 100GR,ignore,,,
BM 335C FRAMBOISE,match,"Ice creams, chocolate","Ice creams, raspberry",
BM 335C RHUBARBE,ignore,,,
BM 335G FRAMBOISE,match,"Ice creams, chocolate","Ice creams, raspberry",
BM 335G RHUBARBE,ignore,,,
BOI REP CURRY VERT,match,CURRY,CURRY,
BOI REP LENT RO SO,ignore,,,
BOI REP POTAGE PAN,match,PAN PASTA,PAN PASTA,
BOITE REPAS POTAGE,match,CORN POTAGE SNACK / YAOKIN,CORN POTAGE SNACK / YAOKIN,
BOKMAAN DET. SANG,ignore,,,
BOTTE POIREAU,match,LEEKS,Leeks,
BOURSIN POIVRE,match,"Breadsticks, soft, NFS","Cheese, soft, boursault",
BROCHETTE PORC MA,match,"Ham, sliced, regular (approximately 11% fat)","Pork, cured, ham, sliced, regular (approximately 11% fat), boneless, heated, excluding refuse",
BROCOLI,match,"Broccoli, raw","Broccoli, raw",
BRU LEGPET,ignore,,,
BRUIN STOETBROOD KLEI,ignore,,,
BRUIN STOKBROOD KLEI,ignore,,,
BRUNIR/SERVIR VEAU,ignore,,,
BURGER 100 % DE BO,match,BURGER,BURGER,
BURGER ANGUS,match,"ANGUS BURGERS, ANGUS","ANGUS BURGERS, ANGUS",
BURGER LIMOUSIN,match,BURGER,BURGER,
BUTCHER BURGE,ignore,,,
CAME FROM FR ENT,ignore,,,
CAMP FROM FR ENT,ignore,,,
CAMP FROM FR ENTIE,ignore,,,
CANARD WC MARINE,ignore,,,
CARDBE BEURRE SALE,match,"BUTTER, SALTED","Butter, salted",
CARDBOARRE FT D,ignore,,,
CARLIS BEURRE FT D,match,"BUTTER, SALTED","Butter, salted",
CARLIS BEURRE SALE,match,"BUTTER, SALTED","Butter, salted",
CARLS BEURRE FT D,match,"BUTTER, SALTED","Butter, salted",
CARLS BEURRE SALE,match,"BUTTER, SALTED","Butter, salted",
CARLSB BEURRE FT D,match,"BUTTER, SALTED","Butter, salted",
CARLSB BEURRE SALE,match,"BUTTER, SALTED","Butter, salted",
CARLSB CREME ENT A,ignore,,,
"CARLSB CREME ENT A 7,25",ignore,,,
CARLSBERG BEURRE SALE,match,"BUTTER, SALTED","Butter, salted",
CAROTTES,match,"Carrot, dehydrated","Carrot, raw",
CAROTTES 500GR,match,"Carrot, dehydrated","Carrot, raw",500.0
CAROTTES BIO,match,"Carrot, dehydrated","Carrot, raw",
CARPACCIO,match,"BRESAOLA DRY-CURED BEEF, BRESAOLA","Beef, cured, dried, bresaola",
CELERI VERT,match,"Celery, raw","Celery, raw",
CEREQUICK 1000GR,ignore,,,
CERISE 1KG,match,"Cherries, sweet, raw","Cherries, sweet, raw",1000.0
CHARCUTERIE,match,CHARCUTERIE,CHARCUTERIE,
CHAVROUX 150GR,match,"Cheese, goat, soft type","Cheese, goat, soft type",150.0
CHEDDAR RAPE,match,CHEDDAR CHEESE,Cheddar cheese,
CHICKEN NUGGETS,match,CHICKEN NUGGETS,Chicken nuggets,
CHIPS 147G S&BL.PE,match,"Snacks, potato chips, plain, unsalted","Chips, potato, plain, unsalted",147.0
CHIQUITA C BANANES,ignore,,,
CHOU POINTU HACHE,ignore,,,
CHOU-FLEUR,match,"Cauliflower, raw","Cauliflower, raw",
CHOUX CHINOIS,match,"Cabbage, Chinese, raw","Cabbage, chinese, pe-tsai, raw",
CHOUX DE BRUX 750G,match,"Brussels sprouts, raw","Brussels sprouts, raw",750.0
CIABATTA,match,CIABATTA,CIABATTA,
CIBOULETTE BIO,match,"Chives, freeze-dried","Chives, fresh",
CINEMA 7 1/2 PRIX,ignore,,,
CITRON 500G,match,"Lemon, raw","Lemon, raw",500.0
CITRON VERT,match,"Lime, raw","Lime, raw",
CITRON VERT 500G,match,"Lime, raw","Lime, raw",500.0
CITRONS,match,"Lemon, raw","Lemon, raw",
CITRONS 500G,match,"Lemon, raw","Lemon, raw",500.0
CLEMENTINES A FEU,match,"Clementines, raw","Clementines, raw",
CLEMENTINES A FEUI,match,"Clementines, raw","Clementines, raw",
"CLEMENTINES A FEUT 1,105 KG",match,"Clementines, raw","Clementines, raw",1105.0
CLEMENTINES FEUIL,match,"Clementines, raw","Clementines, raw",
CLEMENTINES FEUILL,match,"Clementines, raw","Clementines, raw",
COCIGRETTES,ignore,,,
COCKTAIL GRAPE TO,match,"Lime juice, canned or bottled, unsweetened","Grape juice, canned or bottled, includes concentrates, unsweetened",
COCKTAIL GRAPPE TO,match,"Sauce, cocktail, ready-to-serve","Cocktail sauce, ready-to-serve",
COCOTTE GRAPPE TO,ignore,,,
COEUR DOUX LIT GEM,ignore,,,
COLIMBUS OEUFS 5+1,ignore,,,
COLUMBUS OEUFFS 6PC,ignore,,,
COLUMBUS OEUFS 6PC,ignore,,,
CONC DE POULET,match,"Chicken, canned, no broth","Chicken, canned, no broth",
CONCOMBRE 4PC,ignore,,,
CONF. NOSTALGIE,ignore,,,
CONF.NOSTALGIE,ignore,,,
CONF.NOSTALGIE MA,ignore,,,
CONFERENCE 4PC,ignore,,,
CONFRENCE 4PC,ignore,,,
CONTFEILLET,ignore,,,
COOP HOUMOUS,match,"Hummus, commercial","Hummus, commercial",
COPPA,match,COPPA,Coppa,
COQUETTES,ignore,,,
CORIANDRE BIO,match,"Coriander (cilantro) leaves, raw","Coriander (cilantro) leaves, raw",
CORNE CHOCO 200G,match,"Chocolate, dark, 60-69% cacao solids","Chocolate, dark, 45-59% cacao solids",200.0
COULEMUS OEUVS 6PC,ignore,,,
COURGETTES,match,"Squash, zucchini, raw","Squash, zucchini, raw",
"COURGETTES 0,995 KG X 2,99/ KG",match,"Squash, zucchini, raw","Squash, zucchini, raw",995.0
"COURGETTES 1,525 KG X",match,"Squash, zucchini, raw","Squash, zucchini, raw",1525.0
COUSTRON ROUGE,ignore,,,
CREME 20 CL,match,"Cream, fluid, heavy whipping","Cream, fluid, heavy whipping",200.0
CREME ENAMEL 1+1,ignore,,,
CRUNCH NO/CAC,ignore,,,
D&L BEURRE BIO,match,"BUTTER, SALTED","Butter, salted",
D&L MAYO TD,match,"Mayonnaise, regular","Mayonnaise, regular",
D365 CREME 20 CL,match,"Cream, fluid, heavy whipping","Cream, fluid, heavy whipping",200.0
D3G5 SAES BOUB 30L,ignore,,,
D4L SG BRAZIL,match,"Nuts, brazilnuts, dried, unblanched","Brazilnuts, dried, unblanched",
DACS 200 BAT OUATE,ignore,,,
DALI HUILE OLIV EX,ignore,,,
DANONE ACT 0% SX,ignore,,,
DANONE ACT FRAISES,match,"Strawberries, raw","Strawberries, raw",
DANONE COT CH 400G,ignore,,,
DANONE SKYR FRAISE,match,SKYR,SKYR,
DANONE SKYR NAT 4X,match,SKYR,SKYR,
DAONNE ACT FRAISES,ignore,,,
DE CECCO CASARECCI,match,"PASTA, CASARECCE","Pasta, casarecce",
DEL FROMAGE MAIGRE,match,CHEESE,Cheese,
DEL JAM CUT DEGR,match,JAM,Jam,
DELTO VEG CHIC CUR,ignore,,,
DES DE FILET THAI,match,TENDERLOIN FILET,"Beef, tenderloin filet",
DES DE POULET,match,CHICKEN,Chicken,
DES POULET,match,CHICKEN,Chicken,
DESSERT FRAICHE,match,DESSERT,Dessert,
DIEP ASELIN,ignore,,,
DIK STOKBROOD,ignore,,,
DIKKE AJUIN,ignore,,,
DIKKE PREI BUSSEL,ignore,,,
DILL FOCACCIA BAS T,match,FOCACCIA,Focaccia,
DILLE,match,"DILL CASHEWS, DILL",Dill,
DINOSAURE CEREALE,ignore,,,
DINOSAURUS CHOCOLA,ignore,,,
DIXMONT BEUR 250G,match,"BUTTER, SALTED","Butter, salted",250.0
DLC PAIN BIO,match,BREAD,Bread,
DLC TRESOR MILK,match,MILK,Milk,
DLH BEURRE BIO,match,"BUTTER, SALTED","Butter, salted",
DLH PARM REGG AOP,match,"CHEESE, PARMESAN","Cheese, parmesan",
DLI PIZZA MARGH,match,PIZZA,Pizza,
DLL 1KG LG RIZ BRU,match,"Rice, brown, cooked, as ingredient","Rice, brown, long-grain, cooked",1000.0
DLL 9R PAPIER WC,ignore,,,
DLL BIO CREME GLAC,match,ICE CREAM,Ice cream,
DLL BIO FT CREME G,match,CREAM,Cream,
"DLL BIO OEUFS 6PC 2,95",match,EGGS,Eggs,
DLL BIO OEUVS 12PC,match,EGGS,Eggs,
DLL BOMBE DUCHESSE,ignore,,,
DLL CREME FRAICHE,match,CREME FRAICHE,Creme fraiche,
DLL CREME LL,match,CREAM,Cream,
DLL FR DEMI ECREME,match,"Bread, French or Vienna, toasted","Bread, french or vienna, enriched, commercially prepared (includes soft rolls)",
DLL GIRA FROM,match,CHEESE,Cheese,
DLL MAYO TD,match,MAYONNAISE,Mayonnaise,
DLL OEUFFS BIO MIX,match,EGGS,Eggs,
DLL OEUFS BIO MIX,match,EGGS,Eggs,
DLL OEUVS BIO MIX,match,EGGS,Eggs,
DLL PAP. CUISSON,ignore,,,
DLL PIZZA MARGH,match,PIZZA,Pizza,
DLL POULES POUSS,ignore,,,
DLL PUREE POMME DE,match,PUREE,Puree,
DLL SAMOURAI TD,ignore,,,
DLL TOA CHEST,ignore,,,
DLL TRESOR BASIL,match,BASIL,Basil,
DLL YA MAIG NAT 8X,match,YOGURT,Yogurt,
DOC APEROL,ignore,,,
DOC PROSECCO DOC,match,PROSECCO WINE VINEGAR,PROSECCO WINE VINEGAR,
DOL PIZZA MARGH,match,PIZZA,PIZZA,
DORITOS NACHO CHEE,match,DORITOS NACHO CHEESE FLAVORED POPCORN,DORITOS NACHO CHEESE FLAVORED POPCORN,
DOS DE CABILLAUD,ignore,,,
DRAAIGATS,ignore,,,
DRAAKJES,ignore,,,
DRAGAS,ignore,,,
DU COTE DE LA VRAIE VIE,ignore,,,
DUL CAMOMILE DOUX,ignore,,,
DUN STOKBROOD,ignore,,,
DUN STOKERBROOD,ignore,,,
DUO FRAMBOISE MY,ignore,,,
DUO PACK PINK LADY,match,"PINK LADY APPLES, PINK LADY","PINK LADY APPLES, PINK LADY",
DUPACK PINK LADY,match,"PINK LADY APPLES, PINK LADY","PINK LADY APPLES, PINK LADY",
DUYVIS CRAC A,ignore,,,
ECHALOTES 500G,match,SHALLOTS,Shallots,500.0
ECHAPPE 500G,ignore,,,
ECHAUTES 500G,ignore,,,
EGGS 6PC,match,EGGS,EGGS,
ELEC CHEQ REPAS,ignore,,,
ELVEA TOM PEL CUBE,match,CUBE BOUILLON,CUBE BOUILLON,
EM 335G FRAISE,ignore,,,
EM 335G RHUBARBE,ignore,,,
EMIN POUL CUIT BBQ,match,BBQ,BBQ,
EMINC POULET,match,CHICKEN,Chicken,
EMINCE POULET,match,CHICKEN,Chicken,
ENJOY COCO FRUIT,ignore,,,
ENTREM. DEGUST.250G,ignore,,,
ENTREM.DECUST.250G,ignore,,,
EPINARDS,match,SPINACH,Spinach,
EPINARDS 500GR,match,SPINACH,Spinach,500.0
ESCALOPE DE VEAU,match,"VEAL DUMPLINGS, VEAL",Veal,
EXCELLENCE 70,match,"LINDT, EXCELLENCE DARK CHOCOLATE","LINDT, EXCELLENCE DARK CHOCOLATE",
EXCELLENCE 70%,match,"LINDT, 70% COCOA SMOOTH DARK EXCELLENCE BAR","LINDT, 70% COCOA SMOOTH DARK EXCELLENCE BAR",
FAIRBEL 1/2 E,ignore,,,
FAIREBEL 1/2 E,ignore,,,
FAIREBEL BEURRE,match,BUTTER,Butter,
FARBEL ENTIER,ignore,,,
FARMER RAUWKOST,match,FARMER CHEESE,FARMER CHEESE,
FASTER 1/2 E,ignore,,,
FENOUILS,match,"Fennel, bulb, raw","Fennel, bulb, raw",
"FENOUILS 0,485 KG X",match,"Fennel, bulb, raw","Fennel, bulb, raw",485.0
FETTUCCINE 300G,match,FETTUCCINE,FETTUCCINE,300.0
FEVES A COUP 400GR,match,"FAVA BEANS, HABAS","Broad beans, fava beans, raw",400.0
FIGUE FRAICHE,match,CREME FRAICHE,CREME FRAICHE,
FILET DE JAMBON,match,HAM,Ham,
FILET DE POULET,match,CHICKEN BREAST,Chicken breast,
FILET POITRINE DE,match,CHICKEN BREAST,Chicken breast,
"FILET POITRINE POU 10,85",match,CHICKEN BREAST,Chicken breast,
"FILET POITRINE POU 11,43",match,CHICKEN BREAST,Chicken breast,
FILET PUR,match,BEEF TENDERLOIN FILET,BEEF TENDERLOIN FILET,
FILET PUR DE DORC,match,PORK LOIN FILET,PORK LOIN FILET,
FILET PUR DE PORC,match,PORK LOIN FILET,PORK LOIN FILET,
FILET SAUMON S/P,match,SALMON FILETS,SALMON FILETS,
FILETS PORC-VEAU,match,PORK LOIN FILET,PORK LOIN FILET,
FITNESS BAGUE,ignore,,,
FLEURES 38,ignore,,,
FLEURS 36,ignore,,,
FM BIO SW POT 360G,match,POT PIE,POT PIE,360.0
FONDANT COTE D OR,match,FONDANT,FONDANT,
FRAISE 400GR,match,"Strawberries, raw","Strawberries, raw",400.0
FRAISE 500G,match,"Strawberries, raw","Strawberries, raw",500.0
FRAISES 500G,match,"Strawberries, raw","Strawberries, raw",500.0
FRAISES FANTIER,match,"Strawberries, raw","Strawberries, raw",
FRAMBOIS 125G,match,"Raspberries, raw","Raspberries, raw",125.0
FRAMBOISE 125G,match,"Raspberries, raw","Raspberries, raw",125.0
FRASER 1//2 E,ignore,,,
FRASSE 500G,match,"Strawberries, raw","Strawberries, raw",500.0
FRESH CLEAN BR PEP,ignore,,,
FRISK CLEAN BR PEP,ignore,,,
FRISK XL TINS PEP,ignore,,,
FROMAGE ENTIE,match,CHEESE,Cheese,
FRUIT & LEGUMES,ignore,,,
FRUIT ET LEGUMES,ignore,,,
FUSILLI,match,FUSILLI,FUSILLI,
GALBANI CROCC MOZZ,ignore,,,
GALBANI MOZZA 125G,match,"Cheese, Mozzarella, part skim","Cheese, mozzarella, part skim milk, low moisture",125.0
GALBANI RICOTTA 25,match,"Cheese, ricotta, whole milk","Cheese, ricotta, whole milk",25.0
GAROF MOZZA BUF A D,ignore,,,
GAROF MOZZA BUFAL D,ignore,,,
GAROF MOZZA BUFALINA,match,"Cheese, Mozzarella, part skim","Cheese, mozzarella, part skim milk, low moisture",
GAROF MOZZA BUFFA C,ignore,,,
GARZPACHO 1L,match,GAZPACHO,Gazpacho,1000.0
GAUFR CH,ignore,,,
GEMARINEERDE RIBS,match,"Pork, ribs","Pork, ribs",
GERLINA CHOCOLAT,match,CHOCOLATE,Chocolate,
GERLINEA CHOCOLAT,match,CHOCOLATE,Chocolate,
GMBER POEDER,ignore,,,
GOACAMOLE DO 200GR,match,AVOCADO,Avocado,200.0
GOUDA TRANC JEUNE,match,"GOUDA CHEESE, GOUDA","GOUDA CHEESE, GOUDA",
"GOUDA, TRANC JEUNE",match,"GOUDA CHEESE, GOUDA","GOUDA CHEESE, GOUDA",
GPC POMC PINK LAD,ignore,,,
GRAN CHOC&NO,ignore,,,
GRANA PADANO,match,GRANA PADANO,GRANA PADANO,
GRILLADE CURRY DOU,match,Beef curry,Beef curry,
GROENE SELDER PER ST,ignore,,,
GROENTEA CAFE TRAP,ignore,,,
"GS: 225,77",ignore,,,
GUAC MEUS NOI,ignore,,,
GUACAMOLE DO 200GR,match,GUACAMOLE,Guacamole,200.0
GUACAMOLE DOUX,match,GUACAMOLE,GUACAMOLE,
GUACRACHO 11,ignore,,,
HACHIS,match,GROUND BEEF,Ground beef,
HACHIS BOEUF&PORC,match,GROUND BEEF,Ground beef,
HACHIS BOEUF§DORC,match,GROUND BEEF,Ground beef,
HACHIS BOUEF/PORC,match,GROUND BEEF,Ground beef,
HACHIS P&V S/EPICE,match,PORK,Pork,
HACHIS PORC-VEAU,match,"VEAL DUMPLINGS, VEAL",Veal,
HAR TRAMTE BROOD P,ignore,,,
HARICOT PAIN 500GR,match,GREEN BEANS,Green beans,500.0
HARICOT PRIN 500GR,match,GREEN BEANS,Green beans,500.0
HARICOTS FINS 400G,match,GREEN BEANS,Green beans,400.0
HEERLSE BROOD P,ignore,,,
HERITAGE PATÉ ZNE RON,ignore,,,
HERTA BLINIS 2KG,match,"GREAT ATLANTIC TRADING, FRENCH MINI BLINIS","GREAT ATLANTIC TRADING, FRENCH MINI BLINIS",2000.0
HERTA JAMBON BROOD P,ignore,,,
HERTA JAMBON SUP,match,"JAMBON DE PARIS HAM, JAMBON DE PARIS","JAMBON DE PARIS HAM, JAMBON DE PARIS",
HERTA LADINS NATUR,ignore,,,
HERTA LARDNS NAT,ignore,,,
HERTA LARDNS NATUR,ignore,,,
HERTA LRDNS NAT,ignore,,,
HERTA LRDNS NATUR,ignore,,,
HERTA LRDS NATUR,ignore,,,
HERTA MINI PI,ignore,,,
HERTA PATE BRISSEE,match,PORK PATE,Pork pate,
HERTA PATE FNE RON,match,PORK PATE,Pork pate,
HET TRAAGSTE BROOD,ignore,,,
HET TRAAGSTE BROOD D,ignore,,,
HET TRAAGSTE BROOD P,ignore,,,
HET TRAGASTE BROOD P,ignore,,,
HET TRAGSTE BROOD,ignore,,,
HET TRAGSTE BROOD P,ignore,,,
HET TRANSTGE BROOD P,ignore,,,
HG DET ECL CARREL,ignore,,,
HG DETACH SPEC 1,ignore,,,
HG DETACH SPEC 7,ignore,,,
HG SCHIMMELVLEKENRE,ignore,,,
HGK RCH PG MCH,ignore,,,
HMC COR,ignore,,,
HMC SERVIETTE 33CM,ignore,,,
HOUMOUS,match,HUMMUS,Hummus,
HUMMUS,match,HUMMUS,HUMMUS,
HUMMUS PINK LAD,ignore,,,
HUMOUS,match,HUMMUS,Hummus,
HUMOUS MAXI,match,HUMMUS,Hummus,
ITAL STYLE GRAINS,ignore,,,
JAMBON 4 1 OS AUTH,match,"JAMBON DE PARIS HAM, JAMBON DE PARIS","JAMBON DE PARIS HAM, JAMBON DE PARIS",
JAMBON A L OS AUTH,match,"JAMBON DE PARIS HAM, JAMBON DE PARIS","JAMBON DE PARIS HAM, JAMBON DE PARIS",
JAMBON A L'OS AUTH,match,"JAMBON DE PARIS HAM, JAMBON DE PARIS","JAMBON DE PARIS HAM, JAMBON DE PARIS",
JAMBON CUIT AU FOU,match,"JAMBON DE PARIS HAM, JAMBON DE PARIS","JAMBON DE PARIS HAM, JAMBON DE PARIS",
JAMBON DE FERME,match,"Pork, cured, ham, patties, unheated","Pork, cured, ham, sliced",
JAMBON DEGRAISSE,match,"Pork, cured, ham, patties, unheated","Pork, cured, ham, sliced",
JAMBON PARME,match,"Pork, cured, ham, patties, unheated","Pork, cured, ham, sliced",
JENVERBRESEN,ignore,,,
JEUNE POUSE MIX,match,MIX,MIX,
JEUNE POUSS MIK,ignore,,,
JEUNE POUSS MIX,match,MIX,MIX,
JEUNE POUSSE MIX,match,MIX,MIX,
JOLIBOIS OEUFS 5+1,ignore,,,
K&K 40%,ignore,,,
KAKI 4P,ignore,,,
KINZ SUNGOLD XL,ignore,,,
KIPFILET BLOND XL,ignore,,,
KIWI GOLD,match,"Kiwifruit, ZESPRI SunGold, raw","Kiwifruit, gold",
KIWI GROEN XL 4 STUK,match,"Kiwifruit, green, raw","Kiwifruit, green",
KIWI JAUNE,match,"Kiwifruit, green, raw","Kiwifruit, green",
KIWI JAUNE 500G,match,"Kiwifruit, green, raw","Kiwifruit, green",500.0
KIWI SUNGOLD XL,match,"Kiwifruit, ZESPRI SunGold, raw","Kiwifruit, gold",
KIWI VERT,match,"Kiwifruit, green, raw","Kiwifruit, green",
KLEEN GREEN XL 4 STUK,ignore,,,
KLEI VADEN,ignore,,,
KLEIN GREEN XL 4 STUK,ignore,,,
KROEPOEK NAT,ignore,,,
KROK FLOCONS LAIT,ignore,,,
LAISE NATUREL,ignore,,,
LE BEURRE BIO,match,"BUTTER, SALTED","Butter, salted",
LEEGGOD,ignore,,,
LIEGEOIS GOUT CAFE,ignore,,,
LIJNZAAD GEBROKEN 15,ignore,,,
LINDET EXCELLENCE,match,"LINDT, EXCELLENCE DARK CHOCOLATE","LINDT, EXCELLENCE DARK CHOCOLATE",
LINDEX EXCELLENCE,match,"LINDT, EXCELLENCE DARK CHOCOLATE","LINDT, EXCELLENCE DARK CHOCOLATE",
LINDT EXC12 CCAO,ignore,,,
LINDT EXCELLENCE,match,"LINDT, EXCELLENCE DARK CHOCOLATE","LINDT, EXCELLENCE DARK CHOCOLATE",
LINGOT EXCELLENCE,match,"LINDT, EXCELLENCE DARK CHOCOLATE","LINDT, EXCELLENCE DARK CHOCOLATE",
LINTF EXCEL CACAO,match,CACAO,CACAO,
LITCHIS,match,LYCHEE,Lychee,
MAGUE,ignore,,,
MANDARINES,match,TANGERINE,Tangerine,
MANDARINES A FEUIL,match,TANGERINE,Tangerine,
"MANDARINES A FEUIL 4,46",match,TANGERINE,Tangerine,
MANDARINES FEUILLE,match,TANGERINE,Tangerine,
MANGUE,match,MANGO,Mango,
MARCHEOUS BLOC TRA,ignore,,,
MAREDSOUS TRADITIO,ignore,,,
MASCARPONE SL 500G,match,MASCARPONE,MASCARPONE,500.0
MECHELSESTEWEG 207,ignore,,,
MEDAILLON DE VEAU,match,"Veal, ground","Veal, ground",
MEERGRANENSTOK.GROO,ignore,,,
MEERGRANENSTOKB.GROO,ignore,,,
MEGA CRUNCHY CREAM,ignore,,,
MEI BABYBEL,match,"SNACK TRAY, WITH EGG & BABYBEL CHEESE","SNACK TRAY, WITH EGG & BABYBEL CHEESE",
MEL JEUNES POUSSE,match,"PUMPKIN GLAZED MEL O CREAM BITES, PUMPKIN","PUMPKIN GLAZED MEL O CREAM BITES, PUMPKIN",
MEL. JEUNES POUSSE,ignore,,,
MELI-MELO JORIS,ignore,,,
MELO CAKES,match,CAKES,CAKES,
MENTHE GROS PO BIO,match,CREME DE MENTHE,CREME DE MENTHE,
MERCERENSTOK.GROO,ignore,,,
MERGELSTOKS.GROO,ignore,,,
MES DEJEUNER DE SALAD,match,SALAD,SALAD,
MESCLUN,match,MESCLUN GOAT CHEESE SALAD,MESCLUN GOAT CHEESE SALAD,
MGA MELLO CAKE,match,"MELLO CREME PUMPKINS, MELLO CREME","MELLO CREME PUMPKINS, MELLO CREME",
"MIGNON DE PORC 3,08",match,FILET MIGNON,FILET MIGNON,
"MIGNON DE PORC 3,40",match,FILET MIGNON,FILET MIGNON,
"MIGNON DE PORC 4,58",match,FILET MIGNON,FILET MIGNON,
MIKADO CHOC LAIT,match,CHOCOLAT LAIT MILK CHOCOLATE,CHOCOLAT LAIT MILK CHOCOLATE,
MILKA CHOCO SUPREM,match,MILKA CHOCOLATE,MILKA CHOCOLATE,
MINI BABYBEL,match,"SNACK TRAY, WITH EGG & BABYBEL CHEESE","SNACK TRAY, WITH EGG & BABYBEL CHEESE",
MINI BURGER ANGUS,match,MINI ANGUS CHEESEBURGERS,MINI ANGUS CHEESEBURGERS,
MINI BURGER LIMOUS,match,"MINI BURGER GUMMI CANDY, MINI BURGER","MINI BURGER GUMMI CANDY, MINI BURGER",
MINI BUTCHER BURGE,match,MINI,MINI,
MINI SPECULOOS CHO,match,"SPECULOOS COOKIES, SPECULOOS","SPECULOOS COOKIES, SPECULOOS",
MINIQUES 500GR,ignore,,,
MINT GRENAILLES 50,match,MINT,MINT,
MINT-PIMENTS MIX,match,MIX,MIX,
MIRTILLES 500GR,ignore,,,
MIXTEARD 250G IMPE,ignore,,,
MKA 30 MELO CAKES,match,CAKES,CAKES,
MKADO CHOC LAIT,match,CHOCOLAT LAIT MILK CHOCOLATE,CHOCOLAT LAIT MILK CHOCOLATE,
MOUSSE MOKKA,match,MOUSSE,MOUSSE,
MOUSSEL POM.MATER,ignore,,,
MOUSSEL.POM.MATER,ignore,,,
MOZZA BUFALINA,match,MOZZA WHIPS,MOZZA WHIPS,
MOZZA SX10,match,MOZZA WHIPS,MOZZA WHIPS,
MOZZARELLA 125GR,match,MOZZARELLA,MOZZARELLA,125.0
MOZZARELLA MAXI,match,MOZZARELLA,MOZZARELLA,
MRA 30 MELO CAKES,match,CAKES,CAKES,
MRK 30 MELO CAKES,match,CAKES,CAKES,
MRS JEUNES POUSSE,match,"MRS BAIRD'S, ITALIAN BREAD","MRS BAIRD'S, ITALIAN BREAD",
MRS. JEUNES POUSSE,match,"MRS. FIELDS, COOKIE","MRS. FIELDS, COOKIE",
MULIGRAINS BUN,match,BUN,BUN,
MULTIGRAINS SUN,match,"365 EVERYDAY VALUE, MULTIGRAINS & SEED BREAD","365 EVERYDAY VALUE, MULTIGRAINS & SEED BREAD",
MYRTELLE 150GR,ignore,,,
MYRTELLES 500GR,ignore,,,
MYRTILLES 500GR,ignore,,,
NATURAL OLIVES BIO,match,OLIVES,OLIVES,
NECTARINE BLANCHE,match,"TOPS, NECTARINE HALVES","TOPS, NECTARINE HALVES",
NECTARINE JAUNE,match,"TOPS, NECTARINE HALVES","TOPS, NECTARINE HALVES",
NEOJOYANCE CITRONEL,ignore,,,
NESCAFE ESPRESSO,match,"ESPRESSO COCOROLLS, ESPRESSO","ESPRESSO COCOROLLS, ESPRESSO",
NET MULTISURF ECO,ignore,,,
NIVEA ROLL DRY IMP,ignore,,,
NIVEA ST. CLEAR,ignore,,,
NOCCI CONF FIGUES,match,PREMIUM CALIFORNIA MISSION FIGS FIGUES,PREMIUM CALIFORNIA MISSION FIGS FIGUES,
NOIR DE NOIR C OR,match,COTE D'OR NOIR DE NOIR CHOCOLATE TABLET DARK,COTE D'OR NOIR DE NOIR CHOCOLATE TABLET DARK,
NOISETTES D AGNEAU,ignore,,,
NOISETTES D'AGNEAU,ignore,,,
NOSTAL CONF FIGUES,match,PREMIUM CALIFORNIA MISSION FIGS FIGUES,PREMIUM CALIFORNIA MISSION FIGS FIGUES,
NOUVEAU SOLDE DE POINTS,ignore,,,
"NS: 207,23",ignore,,,
NUGGETS,match,NUGGETS,NUGGETS,
NUTELLA,match,NUTELLA FERRERO WITH BREADSTICKS,NUTELLA FERRERO WITH BREADSTICKS,
OEUFS 6PC,match,"Egg, whole, raw, fresh","Egg, whole, raw, fresh",
OEUFS BIO 12 PCS,match,"Egg, whole, raw, fresh","Egg, whole, raw, fresh",
OEUFS COLOMBUS,match,"Egg, whole, raw, fresh","Egg, whole, raw, fresh",
OEUFS COLUMBUS,match,"COLUMBUS PROSCIUTTO, 3 OZ","COLUMBUS PROSCIUTTO, 3 OZ",
OEUFS COQUUES,match,"Egg, whole, raw, fresh","Egg, whole, raw, fresh",
OEUFS FRAIS BIO 12PC,match,"Egg, whole, raw, fresh","Egg, whole, raw, fresh",
OEUVFS BIO 12 PCS,match,"Egg, whole, raw, fresh","Egg, whole, raw, fresh",
OEUVS COLUMBUS,match,"COLUMBUS PROSCIUTTO, 3 OZ","COLUMBUS PROSCIUTTO, 3 OZ",
OIGNON JAUNE GEANT,match,"Onions, raw","Onions, raw",
OIGNON ROUGE 2PC,match,"Onions, raw","Onions, raw",
OIGNONS JAUNE 1KG,match,"Onions, raw","Onions, raw",1000.0
OIGNONS JAUNES:2KG,match,"Onions, raw","Onions, raw",2000.0
OLIVE DENOVA 130G,match,"OLIVE BRUSCHETTA, OLIVE","OLIVE BRUSCHETTA, OLIVE",130.0
OLIVE DENOYA 130G,match,"OLIVE BRUSCHETTA, OLIVE","OLIVE BRUSCHETTA, OLIVE",130.0
OLIVES A L'AIL,match,OLIVES,Olives,
OLIVES KALAMATA,match,KALAMATA OLIVES,KALAMATA OLIVES,
ORAL B PREC CL REF,ignore,,,
ORALB ENAMEL 1+1,ignore,,,
ORANGE,match,ORANGE,Orange,
ORANGES 4P,match,"Oranges, raw, all commercial varieties","Oranges, raw, all commercial varieties",
OREO GRIG VANILLE,match,"OREO CEREAL, OREO","OREO CEREAL, OREO",
PACK PINK LADY,match,"PINK LADY APPLES, PINK LADY","PINK LADY APPLES, PINK LADY",
PADANO,match,GRANA PADANO,GRANA PADANO,
PAIN DE VIANDE,match,"Bread, white, commercially prepared, toasted","Bread, white, commercially prepared, toasted",
PAMPLEMOUSSE ROUGE,match,"Grapefruit, raw, pink and red, Florida","Grapefruit, raw, pink and red",
PASTEQUE MINI,match,"Watermelon, raw","Watermelon, raw",
PATE A PIZZA,match,"PIZZA CRUST, PIZZA","Pizza crust, thin, enriched",
PATE DE LARD 1L,match,LARD,Lard,1000.0
PATEE IL,ignore,,,
PDT CHARLOTTE 1KG,ignore,,,
PDT GRENA 1KG BIO,match,"Potatoes, raw, skin","Potatoes, raw, red",1000.0
PDT GRENAILLE 1KG,match,"Potatoes, raw, skin","Potatoes, raw, red",1000.0
PECORINO ROMANO AO,match,PECORINO ROMANO,PECORINO ROMANO,
PEL PINK LADY 6P,match,"PINK LADY APPLES, PINK LADY","PINK LADY APPLES, PINK LADY",
PENNE RIGATE 500G,match,PENNE RIGATE,PENNE RIGATE,500.0
PENNE RIGATE BARI,match,PENNE RIGATE,PENNE RIGATE,
PEREN,ignore,,,
PERSIL BOUTE,ignore,,,
PERSIL EN POT BIO,match,"Parsley, fresh","Parsley, fresh",
PESTO VERT 100G,match,PESTO,PESTO,100.0
PETIT LION HOM NA,ignore,,,
PHILADELPHIA ORIGI,match,PHILADELPHIA CREAM CHEESE-SOFT PLAIN,PHILADELPHIA CREAM CHEESE-SOFT PLAIN,
PICCOLINI PENNE,match,PENNE,PENNE,
"PILO DE POULET 5,99",ignore,,,
PILON DE POULET,match,"Chicken, drumstick, meat and skin, raw","Chicken, broiler, drumstick, meat and skin, raw",
PISSOILET,ignore,,,
PIZZA MOZZA 125G,match,MOZZARELLA  PIZZA,MOZZARELLA  PIZZA,125.0
PIZZA MOZZA PESTO,match,MOZZARELLA & PESTO PIZZA,MOZZARELLA & PESTO PIZZA,
PLATEAU FAMIGLIA,ignore,,,
POI: 01691910,ignore,,,
POINTS SUR MONTANT DES ACHATS,ignore,,,
POIRES D'OLLE,ignore,,,
POIS CHICHES,match,"Pigeon peas (red gram), mature seeds, raw","Chickpeas (garbanzo beans, bengal gram), mature seeds, raw",
POISSON NUGGETS,match,CHICKEN NUGGETS,CHICKEN NUGGETS,
POIVRON ROUGE,match,"Pepper, banana, raw","Sweet pepper, red, raw",
POIVRONS JAUNES,match,"Onions, yellow, raw","Sweet pepper, yellow, raw",
POIVRONS MIX,match,MIX,MIX,
POIVRONS ROUGES,match,"Pepper, banana, raw","Sweet pepper, red, raw",
POMELO,match,"POMELO SPARKLING WATER, POMELO","POMELO SPARKLING WATER, POMELO",
POMELO 9/PC,match,"POMELO SPARKLING WATER, POMELO","POMELO SPARKLING WATER, POMELO",
POMME DUCHESSE,ignore,,,
POMME GRENA,ignore,,,
POMMEOUSE ROUGE,ignore,,,
POMMES BROLES,match,"POMMES SAUCE, POMMES","POMMES SAUCE, POMMES",
POMMES DROLES,match,"POMMES SAUCE, POMMES","POMMES SAUCE, POMMES",
POMMES JEUNES POUS,match,"POMMES SAUCE, POMMES","POMMES SAUCE, POMMES",
POMMETTE 500G,ignore,,,
POTIRON BUTTERNUT,match,"BUTTERNUT SQUASH, BUTTERNUT","BUTTERNUT SQUASH, BUTTERNUT",
"POTIRON BUTTERNUT 1,550 KG X",match,"BUTTERNUT SQUASH, BUTTERNUT","BUTTERNUT SQUASH, BUTTERNUT",1550.0
POUSS MIK,ignore,,,
PR.SAN DANIELE,match,PROSCIUTTO DI SAN DANIELE,PROSCIUTTO DI SAN DANIELE,
PREIS BEURRE 250G,match,"BUTTER, SALTED","Butter, salted",250.0
PREIS BEURRE FT D,match,"BUTTER, SALTED","Butter, salted",
PRESID BEURRE 250G,match,"BUTTER, SALTED","Butter, salted",250.0
PRITT CORRECT-IT,ignore,,,
PROSC CRUDO ITALIA,match,PROSCIUTTO CRUDO,PROSCIUTTO CRUDO,
PROSCIUTTO ITALIA,match,PROSCIUTTO D'ITALIA,PROSCIUTTO D'ITALIA,
PROTEIN DR FRAI,ignore,,,
PT SUISSE M 6X60G,ignore,,,
RAISIN MIX 500G,match,RAISIN NUT PARTY MIX,RAISIN NUT PARTY MIX,500.0
RAISIN MLK 500G,match,"MUSCAT GRAPE JELLY, MUSCAT GRAPE","Raisins, seeded, muscat",500.0
RAISIN ROUGE SA PE,match,"MUSCAT GRAPE JELLY, MUSCAT GRAPE","Raisins, seeded, muscat",
RAN POMPADURINETTE 15,ignore,,,
RAVIOLI POMODORI,match,RAVIOLI,RAVIOLI,
RAVIOLI RIC&SPIN,match,RAVIOLI,RAVIOLI,
RHIZIN MUS 500G,ignore,,,
RINSETAK,ignore,,,
RIZ DLONG BIO,match,"Rice, white, medium-grain, raw, enriched","Rice, white, long-grain, regular, raw, enriched",
ROMB CACHET DOR G,ignore,,,
ROSBIEF,match,"SLOW ROASTED BEEF, SLOW ROASTED","Beef, roasted",
ROSBIF,match,"SLOW ROASTED BEEF, SLOW ROASTED","Beef, roasted",
ROSEB,match,"SLOW ROASTED BEEF, SLOW ROASTED","Beef, roasted",
ROSEIF,match,"SLOW ROASTED BEEF, SLOW ROASTED","Beef, roasted",
ROSENET PURE PORC,ignore,,,
ROSETTE,ignore,,,
ROSETTE PURE PORC,ignore,,,
ROSTIER PURE DORC,ignore,,,
ROSTY,ignore,,,
ROTI DE VEAU,match,"Veal, chop","Veal, roasted",
ROZZA BUFALINA,ignore,,,
SAC A PAIN TRADITIONNEL,match,"Bread, white, commercially prepared","Bread, white, commercially prepared",
SAC PAIN BASIC N2,match,"Bread, white, commercially prepared","Bread, white, commercially prepared",
SAIL SURIMI-CRABE,match,"Crab, cake","Crab, imitation, made from surimi",
SAL BLE EMB 100GR,match,"Salt, table","Salt, table",100.0
SAL BLEME 100GR,match,"Salt, table","Salt, table",100.0
SAL. PRINTANIERE /J,ignore,,,
SAL. SURIMI-CRABE,match,"Crab, cake","Crab, imitation, made from surimi",
SALAD ITALIAN,match,"ITALIAN SALAD DRESSING, ITALIAN","Italian salad dressing, commercial",
SALAD MEXIC STYLE,match,"SALAD DRESSING, FRENCH","Salad dressing, other than French or Italian, commercial",
SALAD MOROCCA,match,"SALAD DRESSING, FRENCH","Salad dressing, other than French or Italian, commercial",
SALADE FOLLET,ignore,,,
SALADE POULET,match,CHICKEN SALAD,Chicken salad,
SALADE ROUGET,ignore,,,
SALADE TOILET,ignore,,,
SALAMI ROULET,match,"COOKED SALAMI, MALLITA, MALLITA","Salami, cooked",
SALAMI TRUFFES PAR,match,"COOKED SALAMI, MALLITA, MALLITA","Salami, cooked",
SAN MARZANO,match,"tomatoes, crushed, canned, salt added","Tomatoes, canned, crushed, with salt added",
"SAN MARZANO 1,650 KG X",match,"tomatoes, crushed, canned, salt added","Tomatoes, canned, crushed, with salt added",1650.0
SAN PELLEGRINO,match,"CARBONATED BEVERAGE, LEMON","Carbonated beverage, cola, with caffeine",
SANPELLEGRINO,match,SanPellegrino Pink Grapefruit Can 330ml,SanPellegrino Pink Grapefruit Can 330ml,
SAPTAF APPEL,ignore,,,
SAUCE PIMENT SRIRA,match,CHILI SAUCE,Chili sauce,
SAUCIE POULET,match,CHICKEN GRAVY,Chicken gravy,
SAUCISSE P&V,match,"Sausage, pork and turkey, pre-cooked","Sausage, pork",
SAUCISSON JAMBON,match,"Sausage, pork and turkey, pre-cooked","Sausage, pork",
SAUM FUM CHAU ANET,ignore,,,
SAUMON BELLE-VUE,match,"Fish, salmon, raw","Salmon, raw",
SAUMON FUME,match,"SMOKED SALMON, SMOKED","Salmon, smoked",
SAUMON FUME DL,match,"SMOKED SALMON, SMOKED","Salmon, smoked",
SCHWEPPES TON,match,"Beverages, carbonated, tonic water","Beverage, carbonated, tonic water",
SERVIETTE PAQUES,ignore,,,
SERVIETTES 33CM,ignore,,,
SH A DEL MEN PURE,ignore,,,
SHERBET 1L,match,SHERBET,Sherbet,1000.0
SHEZZA PATE PIZZA,match,"Pate, liver, not specified, canned","Pate, liver, not specified",
SHRIMY MACASSOU,ignore,,,
SN 80836950,ignore,,,
SOMA CANOLA,match,"Oil, canola","Oil, canola",
SOMA CHOCOLAT BIO,match,"CHOCOLATE, DARK CHOCOLATE HAZELNUT TRUFFLE","Chocolate, dark",
SOMA CRUNCHY CREAM,match,CREAM,Cream,
SOMA MULTIGRAIN 40,match,MULTIGRAIN,MULTIGRAIN,
SOMI MULTIGRAIN 40,match,MULTIGRAIN,MULTIGRAIN,
SOML BECEL HUILE,ignore,,,
SOMM SUMM. ECOS,ignore,,,
SONA MULTIGRAIN 40,match,MULTIGRAIN,MULTIGRAIN,
SPAGHETTI 500G,match,SPAGHETTI,SPAGHETTI,500.0
SPINAZIE 450GR,match,SPINACH,Spinach,450.0
SPRITAIT FRAI,ignore,,,
SRI MARZANO,match,SAN MARZANO TOMATOES,SAN MARZANO TOMATOES,
STAEDTLER 4 FLUOS,ignore,,,
STEVIA FRUITS BOIS,match,STEVIA,STEVIA,
STEW MARINE,match,"STEW VEGETABLES, STEW","STEW VEGETABLES, STEW",
STOKBROOD,ignore,,,
SUZI CHOCO LAIT 8P,match,PAIN AU LAIT,PAIN AU LAIT,
SUZY CHOCO LAIT BP,match,PAIN AU LAIT,PAIN AU LAIT,
T NOIR DE NOIR C.DO,match,CHOCOLAT NOIR,CHOCOLAT NOIR,
T.O.I COMTE AOP,match,COMTE CHEESE,COMTE CHEESE,
TACO DINN KIT,match,TACO DINNER KIT,TACO DINNER KIT,
TAGLIATELLE 300G,match,TAGLIATELLE,TAGLIATELLE,300.0
TELLICHERRY PEPPER,match,PEPPER,PEPPER,
TERUG,ignore,,,
TICKET CLIENT,ignore,,,
TIMBRE(S) MASCOTTE REÇU,ignore,,,
TM BENNEE NOTEN,ignore,,,
TOAST KRAKANT HAU,match,BISCOTTE TOAST,BISCOTTE TOAST,
TOAST KROKANT HAU,match,BISCOTTE TOAST,BISCOTTE TOAST,
TOAST ORIGINA,match,ORIGINAL TOAST,ORIGINAL TOAST,
TOFFEE GRAPPE,match,TOFFEE,TOFFEE,
TOM BELG GRAPP,match,Tom Collins,Tom Collins,
"TOM BELG GRAPP 1,055 KG X 3,49/ KG",match,Tom Collins,Tom Collins,1055.0
TOM.CERISES,ignore,,,
TOMAT TOAST ROMARIN,match,BISCOTTE TOAST,BISCOTTE TOAST,
TOMATE CERISE 400G,match,"CHERRY TOMATO BRUSCHETTA, CHERRY TOMATO",Cherry tomato,400.0
TOMATE CERISE GRAP,match,"CHERRY TOMATO BRUSCHETTA, CHERRY TOMATO",Cherry tomato,
TOMATE GRAPPE,match,TOMATO,Tomato,
TOMATE SAN MARZANO,match,SAN MARZANO TOMATOES,SAN MARZANO TOMATOES,
TOMATE SAV GRAPPE,match,TOMATO,Tomato,
TOMATE SAY GRAPPE,match,TOMATO,Tomato,
TOMATES CERISE 1.5KG,match,"CHERRY TOMATO BRUSCHETTA, CHERRY TOMATO",Cherry tomato,1500.0
TOMATES CERISE 1KG,match,"CHERRY TOMATO BRUSCHETTA, CHERRY TOMATO",Cherry tomato,1000.0
TOMATES GRAPPE,match,TOMATO,Tomato,
TORTELLIS BASIL,match,BASIL,BASIL,
TORTELLO TOM,match,Tom Collins,Tom Collins,
TORTELLONI BASILI,match,TORTELLONI,TORTELLONI,
TORTILLA BIO,match,TORTILLA,TORTILLA,
TOTAAL,ignore,,,
TOTAL POINTS TICKET,ignore,,,
TOTAL TIMBRE(S) TICKET MASCOTTE,ignore,,,
TOURNEDOS BOEUF,match,BEEF,Beef,
TR.ORIGINAL 180G,match,HAZELNUT SPREAD,Hazelnut spread,180.0
TRAITEUR,ignore,,,
UDON NOUILLES,match,UDON NOODLES,UDON NOODLES,
UL DOUX SH CAMIL,ignore,,,
ULTRA DOUX SH MERV,ignore,,,
VEET CREME DEP.JAM,ignore,,,
VEET MINIMA VISAGE,ignore,,,
VEGAN GOUDA 120GR,match,"GOUDA CHEESE, GOUDA","GOUDA CHEESE, GOUDA",120.0
VELDSLAA,ignore,,,
VERMICEL LAIT,match,"MILK, WHOLE","Milk, whole",
VIDANGE VAL 0.6E,ignore,,,
VIDAVAL VAL 1.2E,ignore,,,
VIDEOTEC VAL 0.6E,ignore,,,
VILEDA EPON UNIVER,ignore,,,
VINIGRE VIN BLANC,match,"WHITE VINEGAR, WHITE","Vinegar, white",
VLINDERS,ignore,,,
"VLINDERS 0,655 KG X",ignore,,,
VOLAILLE/GIBIER,ignore,,,
WASABI GREEN 400G,match,WASABI GREEN PEAS,WASABI GREEN PEAS,400.0
WRAP TORTILLA,match,TORTILLA WRAPS,TORTILLA WRAPS,
WRAPS DE BLE,match,WRAPS,WRAPS,
YAOURT MIGRE BIO,ignore,,,
ZESPRI KINE GOLD D,match,"Kiwifruit, ZESPRI SunGold, raw","Kiwifruit, ZESPRI SunGold, raw",
ZESPRI KIWI GOLD,match,"Kiwifruit, ZESPRI SunGold, raw","Kiwifruit, ZESPRI SunGold, raw",
