product_name,count,candidate,confidence,score,gap,query
HACHIS PORC-VEAU,72,"Bockwurst, pork, veal, raw",low,4.6154,0.2404,hachis pork veal
SAL BLE EMB 100GR,13,"HOT SAL'S, HOT",low,2.9167,0.0357,sal ble emb
DANONE ACT FRAISES,12,ORGANIC WHOLE STRAWBERRIES FRAISES,low,2.5385,0.0102,danone act fraises
200G MEDAILLON DE VEAU,9,"VEAL DEMI GLACE, VEAL",low,3.0946,0.039,medaillon de veal
100GR JEUNES POUSS,9,YOUNG CORN,low,3.1667,0.058,young pouss
MEDAILLON DE VEAU,8,"VEAL DEMI GLACE, VEAL",low,3.0946,0.039,medaillon de veal
500G SP K LAIT CHO,8,PAIN AU LAIT,low,3.06,0.0752,sp k lait cho
125GR MESCLUN,8,MESCLUN GOAT CHEESE SALAD,low,4.4375,0.096,mesclun
100GR JEUNES POUS,7,YOUNG CORN,low,3.2,0.0636,young pous
375G CHOCO LAIT,7,HOT CHOCO LATE,low,3.25,0.0132,choco lait
BOURSIN POIVRE,7,"BOURSIN, BASIL & CHIVE GOURNAY CHEESE",low,3.0,0.0111,boursin poivre
GAROF MOZZA BUFAL D,6,TOMATO & MOZZARELLA SALAD,low,2.7234,0.0123,garof mozzarella bufal d
SOMA MULTIGRAIN 40,6,"Oatmeal, multigrain",low,3.3485,0.0485,soma multigrain
CIBOULETTE BIO,6,CHIVES,low,4.75,0.05,chives bio
190G THIN ROMARIN,6,THIN MINTS,low,3.2273,0.1066,thin romarin
MINI BURGER LIMOUS,6,ARTISAN BURGER BUNS,low,3.1486,0.0,mini burger limous
TORTELLONI BASILI,6,TORTELLONI,low,3.2407,0.0896,tortelloni basili
FAIREBEL 1/2 E,6,,none,0.0,0.0,fairebel e
PETIT LION HOM NA,6,"FOOD LION, HOT SAUCE",low,2.5556,0.0056,petit lion hom na
SAN MARZANO,6,SAN MARZANO TOMATOES,low,5.7097,0.0626,san marzano
500G DE CECCO GNOC,5,"DE CECCO, LINGUINE",low,3.2333,0.0667,de cecco gnoc
CAMP FROM FR ENT,5,"Garlic bread, from frozen",low,2.6,0.0194,camp from fr ent
PDT GRENAILLE 1KG,5,,none,0.0,0.0,pdt grenaille
ORAL B PREC CL REF,5,ORAL CARE DRY MOUTH LOZENGES FRUIT MIX,low,2.3929,0.0532,oral b prec cl ref
200G SM MINI TORTI,5,,none,0.0,0.0,sm mini torti
PATE A PIZZA,5,PAN PIZZA,low,3.2619,0.0212,pate a pizza
SAUMON BELLE-VUE,5,"SWEET CORN, BELLE PEPPER & ONION",low,2.4889,0.0967,saumon belle vue
NOIR DE NOIR C OR,5,ORGANIC D'NOIR PRUNES,low,4.5789,0.0544,noir de noir c or
AUBEL BEURRE 500G,5,PETIT BEURRE BISCUIT,low,3.0,0.0385,aubel beurre
400G PATE NOI CRU,4,PATE WITH ONION,low,2.5185,0.0185,pate noi cru
SAUCISSE P&V,4,SAUCISSE DE SANGLIER,low,4.625,4.625,saucisse p v
AUBERGINES,4,AUBERGINES CAPONATA,low,4.6897,0.1897,aubergines
DLL OEUVS BIO MIX,4,DILL DIP MIX,low,2.6207,0.0053,dll oeuvs bio mix
COLUMBUS OEUFS 6PC,4,"COLUMBUS, CHORIZO CASERO",low,3.0946,0.0156,columbus oeufs
OEUFS COLUMBUS,4,"COLUMBUS, PREMIUM GENOA",low,2.9444,0.012,oeufs columbus
250ML AXE SG MOJIT,4,,none,0.0,0.0,axe sg mojit
DINOSAURUS CHOCOLA,4,,none,0.0,0.0,dinosaurus chocola
DLL MAYO TD,4,LIME MAYO,low,3.1,0.0,dll mayo td
250G LAVAZZA ROMA,4,"Tomato, roma",low,3.0217,0.0417,lavazza roma
200G NUTELLA,4,"BON APPE, NUTELLA, SWIRL COOKIES",low,4.3784,0.01,nutella
HERTA LRDNS NATUR,4,NATUR LIQUID SEASONING,low,2.2564,2.2564,herta lrdns natur
CHIQUITA C BANANES,4,"CHIQUITA, BANANA BREAD MIX",low,3.1977,3.1977,chiquita c bananes
OIGNONS JAUNE 1KG,4,GREEN ONIONS OIGNONS VERT,low,2.9737,2.9737,oignons jaune
6 WRAPS DE BLE,4,EPI DE BLE,low,3.2273,0.1066,wraps de ble
TOTAAL,4,,none,0.0,0.0,totaal
FRUIT & LEGUMES,4,FRUIT GUMMIES,low,3.3462,0.0635,fruit legumes
FENOUILS,4,,none,0.0,0.0,fenouils
365 HARICOTS V COU,4,HARICOTS VERTS,low,3.2143,0.1429,haricots v cou
MERCERENSTOK.GROO,4,,none,0.0,0.0,mercerenstok groo
ESCALOPE DE VEAU,4,"VEAL DEMI GLACE, VEAL",low,3.1111,0.0397,escalope de veal
TRAITEUR,4,,none,0.0,0.0,traiteur
125G D365 MAQ TOUR,4,THE ICE CREAM TOUR CUPS,low,2.3889,0.0253,d365 maq tour
BURGER ANGUS,4,"ANGUS BEEF BURGER, ANGUS BEEF",low,5.6,0.0419,burger angus
GAROF MOZZA BUFFA C,4,FRESH MOZZARELLA BALL,low,2.6667,0.0,garof mozzarella buffa c
GAROF MOZZA BUF A D,4,TOMATO & MOZZARELLA SALAD,low,2.6809,0.0142,garof mozzarella buf a d
20CL CAPR-SUN TROP,4,TUSCAN SUN TRAIL MIX,low,2.5455,0.0293,capr sun trop
33CL SCHWEPPES TON,4,"SCHWEPPES, TONIC WATER",low,3.2647,0.098,schweppes ton
MEERGRANENSTOKB.GROO,4,,none,0.0,0.0,meergranenstokb groo
ROSETTE,4,8 S/L ROSETTE AND BALLOON GOLD CAKE,low,4.3333,4.3333,rosette
EM 335G FRAISE,4,"JAM, STRAWBERRY",low,4.8889,0.0,em strawberry
CHOUX CHINOIS,3,,none,0.0,0.0,choux chinois
224G GAUF VANI CHO,3,HOT SAUCE PIMENT CHO,low,2.4848,0.2156,gauf vani cho
450G DLL POIS BIOL,3,Dubon Petit Pois Grn Pea  15 oz,low,2.3721,0.0165,dll pois biol
FRAMBOIS 125G,3,,none,0.0,0.0,frambois
400G EXQUISE BAG,3,WATERMELON QUARTER BAG,low,2.9848,0.0233,exquise bag
JEUNE POUSSE MIX,3,MOUSSE MIX,low,2.6923,0.0066,jeune pousse mix
POMME GRENA,3,"Apple, raw",low,3.3,0.0174,apple grena
250G CRUNCHY BIO,3,CRUNCHY ROLL,low,4.7826,0.0626,crunchy bio
CONTFEILLET,3,,none,0.0,0.0,contfeillet
ROMB CACHET DOR G,3,,none,0.0,0.0,romb cachet dor g
"BIO BANANEN 0,560 KG X",3,,none,0.0,0.0,bio bananen x
MINI BURGER ANGUS,3,"PREMIUM ANGUS BEEF BURGER, ANGUS",low,5.6667,0.0444,mini burger angus
250G DLL TOA CHEST,3,,none,0.0,0.0,dll toa chest
ROTI DE VEAU,3,GROUND VEAL,low,3.1957,0.1401,roti de veal
MKADO CHOC LAIT,3,MLNO CHOC MINT,low,2.6897,0.069,mkado choc lait
WRAPS DE BLE,3,EPI DE BLE,low,3.2273,0.1066,wraps de ble
COLIMBUS OEUFS 5+1,3,,none,0.0,0.0,colimbus oeufs
COEUR DOUX LIT GEM,3,"PLAIN COEUR DE LA CREME, PLAIN",low,2.2606,0.0793,coeur doux lit gem
MIKADO CHOC LAIT,3,MILK CHOC MLNO,low,2.6667,0.0,mikado choc lait
FRAMBOISE 125G,3,SORBET A LA FRAMBOISE,low,4.6,4.6,framboise
PEREN,3,,none,0.0,0.0,peren
500ML BECEL HUILE,3,,none,0.0,0.0,becel huile
ECHALOTES 500G,3,,none,0.0,0.0,echalotes
6X55ML MAGNUM ALMO,3,,none,0.0,0.0,6x55ml magnum almo
GEMARINEERDE RIBS,3,TENDER RIBS,low,3.1429,0.0503,gemarineerde ribs
SAUMON FUME,3,,none,0.0,0.0,saumon fume
185G LAYS S&L.PEP,3,WY SIP CRN PBLN PEP,low,3.0806,0.0251,lays s l pep
500G DE CECCO RADI,3,"DE CECCO, ORZO, PASTA",low,3.1875,0.0208,de cecco radi
4X4G DOUBLE LAIT,3,DOUBLE CHOCOLATE,low,2.625,0.0096,4x4g double lait
150ML REX COB DRY,3,"Rice noodles, dry",low,2.5926,0.0212,rex cob dry
EM 335G RHUBARBE,3,,none,0.0,0.0,em rhubarbe
GAROF MOZZA BUFALINA,3,FRESH MOZZARELLA BURRATINA,low,2.7451,0.0368,garof mozzarella bufalina
GERLINEA CHOCOLAT,3,PAIN AU CHOCOLAT,low,3.2273,0.0873,gerlinea chocolat
6X33CL HOEG 0.0 CA,3,,none,0.0,0.0,6x33cl hoeg ca
HERTA LARDNS NATUR,3,NATUR LIQUID SEASONING,low,2.25,2.25,herta lardns natur
FRASSE 500G,3,,none,0.0,0.0,frasse
DE CECCO CASARECCI,3,"DE CECCO, ORZO, PASTA",low,3.1486,0.0633,de cecco casarecci
OEUFS BIO 12 PCS,3,,none,0.0,0.0,oeufs bio
100G DLF 4 BOUCHEE,3,,none,0.0,0.0,dlf bouchee
PASTEQUE MINI,3,,none,0.0,0.0,pasteque mini
PHILADELPHIA ORIGI,3,PHILADELPHIA ROLL,low,3.3,0.1077,philadelphia origi
HERTA PATE FNE RON,3,LIVER PATE,low,2.25,0.0135,herta pate fne ron
DIKKE AJUIN,3,,none,0.0,0.0,dikke ajuin
MESCLUN,3,MESCLUN GOAT CHEESE SALAD,low,4.4375,0.096,mesclun
MINI BUTCHER BURGE,2,BUTCHER'S RUB,low,3.0806,0.0251,mini butcher burge
6X25CL CRISTAL ORI,2,SEA SALT FINE CRISTAL,low,2.4615,0.0044,6x25cl cristal ori
BIOESCHE FILET POUL,2,BEEF FILET MIGNON,low,2.6111,0.0745,bioesche filet poul
6X33CL SCHWEPPES M,2,"SCHWEPPES, GINGER ALE",low,3.0263,0.0135,6x33cl schweppes m
75 CROZES HERM GAL,2,"Soy Sauce, 1 GAL",low,2.4667,0.0222,crozes herm gal
MOUSSEL POM.MATER,2,VFUS LT POM BLUE,low,2.5455,0.0312,moussel pom mater
BANANEN,2,,none,0.0,0.0,bananen
BIO GINGEMBRE,2,,none,0.0,0.0,bio gingembre
BIO PDT FARINE 2KG,2,,none,0.0,0.0,bio pdt farine
MOUSSEL.POM.MATER,2,VFUS LT POM BLUE,low,2.5455,0.0312,moussel pom mater
BARILLA SPAGHETTI5,2,"BARILLA, SPAGHETTI",low,3.4714,0.1214,barilla spaghetti5
6X33 SCHWEPPES LEM,2,"SCHWEPPES, GINGER ALE",low,2.6316,0.0675,6x33 schweppes lem
NOISETTES D'AGNEAU,2,"Lamb, NS as to cut",low,5.2963,5.2963,cut d lamb
OEUVFS BIO 12 PCS,2,,none,0.0,0.0,oeuvfs bio
OEUVS COLUMBUS,2,"COLUMBUS, PREMIUM GENOA",low,2.9444,0.012,oeuvs columbus
OIGNON JAUNE GEANT,2,,none,0.0,0.0,oignon jaune geant
NIVEA ST. CLEAR,2,VANILLA CLEAR,low,3.1667,0.125,nivea st clear
BIO AIL 2 PC,2,"MAYONNAISE, ROASTED GARLIC AIL ROTI",low,4.2927,0.0363,bio ail
75G CHIPS POIS BIO,2,"CHIPS, SPICY SWEET CHILI",low,3.0946,0.0064,chips pois bio
MYRTELLE 150GR,2,,none,0.0,0.0,myrtelle
75CL PROSECCO DOC,2,PROSECCO CHICKEN SAUSAGE,low,3.0556,0.0101,prosecco doc
750G ROSTY,2,,none,0.0,0.0,rosty
750G POMMES NOISET,2,POMMES SAUCE,low,3.22,0.1575,pommes noiset
75 NUVOOLA 19R BIO,2,,none,0.0,0.0,nuvoola bio
BIO HOMOUS 200G,2,,none,0.0,0.0,bio homous
6X25CL JUPILER BAS,2,CPB HS HR TOM BAS,low,2.4,0.0571,6x25cl jupiler bas
LE BEURRE BIO,2,PETIT BEURRE BISCUIT,low,4.6667,0.0667,le beurre bio
BOTTE POIREAU,2,,none,0.0,0.0,botte poireau
"DLL BIO OEUFS 6PC 2,95",2,,none,0.0,0.0,dll bio oeufs
HACHIS P&V S/EPICE,2,"HAND-PAINTED ARTISAN CHOCOLATES, EPICE",low,2.9,2.9,hachis p v s epice
DLL OEUFS BIO MIX,2,DILL DIP MIX,low,2.6207,0.0053,dll oeufs bio mix
DLL PAP. CUISSON,2,,none,0.0,0.0,dll pap cuisson
HACHIS,2,,none,0.0,0.0,hachis
DLL SAMOURAI TD,2,,none,0.0,0.0,dll samourai td
DLL TOA CHEST,2,,none,0.0,0.0,dll toa chest
DLL YA MAIG NAT 8X,2,"Whole Grain Yellow Star Cookie, IW all nat",low,2.3571,0.0571,dll ya maig nat
DOC PROSECCO DOC,2,"DOC POP PREBIOTIC SODA, DOC POP",low,3.0652,3.0652,doc prosecco doc
DORITOS NACHO CHEE,2,.75OZ DORITOS NACHO,low,4.7222,0.038,doritos nacho chee
DUN STOKBROOD,2,BAGUETTE,low,3.3,0.0,dun baguette
DUN STOKERBROOD,2,"DUN MORE FLAVORED 100% CHEESE, DUN MORE",low,2.7692,2.7692,dun stokerbrood
GERLINA CHOCOLAT,2,PAIN AU CHOCOLAT,low,3.25,0.0833,gerlina chocolat
ELEC CHEQ REPAS,2,,none,0.0,0.0,elec cheq repas
GARZPACHO 1L,2,,none,0.0,0.0,garzpacho
EXCELLENCE 70,2,"LINDT, EXCELLENCE DARK CHOCOLATE",low,4.4878,0.053,excellence
FAIRBEL 1/2 E,2,,none,0.0,0.0,fairbel e
GALBANI CROCC MOZZ,2,"GALBANI, MOZZARELLA CHEESE",low,4.7347,0.0074,galbani crocc mozzarella
FILET POITRINE DE,2,FILET OF ALLIGATOR,low,3.0714,0.0197,filet poitrine de
FILET PUR,2,FILET MIGNON,low,3.0714,0.0529,filet pur
FILET PUR DE DORC,2,FILET OF ALLIGATOR,low,2.5143,0.0265,filet pur de dorc
FILET SAUMON S/P,2,FILET MIGNON,low,3.1429,0.0788,filet saumon s p
FILETS PORC-VEAU,2,"Bockwurst, pork, veal, raw",low,4.5641,0.1891,filets pork veal
FRISK CLEAN BR PEP,2,"FRESH KIDS, CLEAN & SIMPLE POPCORN",low,2.5714,0.0309,frisk clean br pep
FLEURES 38,2,,none,0.0,0.0,fleures
FRAISES FANTIER,2,STRAWBERRIES FRAISES,low,2.9,0.1143,fraises fantier
HARICOTS FINS 400G,2,HARICOTS VERTS,low,3.2407,0.1525,haricots fins
HERTA LARDNS NAT,2,"Whole Grain Yellow Star Cookie, IW all nat",low,2.386,0.0223,herta lardns nat
BRUNIR/SERVIR VEAU,2,"REDI-SERVE, VEAL PATTIES",low,2.5854,0.0336,brunir servir veal
DLH BEURRE BIO,2,PETIT BEURRE BISCUIT,low,3.0882,0.0365,dlh beurre bio
BURGER 100 % DE BO,2,BURGER SPICE RUB,low,4.7143,0.0186,burger de bo
BUTCHER BURGE,2,BUTCHER'S RUB,low,3.1923,0.0471,butcher burge
CAMP FROM FR ENTIE,2,APPLE FROM CONCENTRATE,low,2.6,0.0146,camp from fr entie
MEI BABYBEL,2,"SNACK TRAY, WITH EGG & BABYBEL CHEESE",low,2.9,0.0364,mei babybel
CARLS BEURRE FT D,2,"ECHIRE, BEURRE DE BARATTE",low,3.0366,0.006,carls beurre ft d
CARLS BEURRE SALE,2,"ECHIRE, BEURRE DE BARATTE",low,2.5854,0.0854,carls beurre sale
CELERI VERT,2,HARICOT VERT,low,3.1087,0.1643,celeri vert
MAREDSOUS TRADITIO,2,,none,0.0,0.0,maredsous traditio
MAGUE,2,,none,0.0,0.0,mague
LINGOT EXCELLENCE,2,"LINDT, EXCELLENCE DARK CHOCOLATE",low,3.125,0.059,lingot excellence
CHOU-FLEUR,2,FLEUR DE SEL,low,2.9545,0.0335,chou fleur
LINDT EXC12 CCAO,2,"LINDT, DARK CHOCOLATE",low,2.5556,0.0,lindt exc12 ccao
LINDEX EXCELLENCE,2,"LINDT, EXCELLENCE DARK CHOCOLATE",low,3.125,0.059,lindex excellence
LINDET EXCELLENCE,2,"LINDT, EXCELLENCE DARK CHOCOLATE",low,3.1667,0.0629,lindet excellence
CLEMENTINES FEUIL,2,CLEMENTINES,low,3.2857,0.0357,clementines feuil
LEEGGOD,2,,none,0.0,0.0,leeggod
LAISE NATUREL,2,,none,0.0,0.0,laise naturel
CONF.NOSTALGIE,2,,none,0.0,0.0,conf nostalgie
JOLIBOIS OEUFS 5+1,2,,none,0.0,0.0,jolibois oeufs
CORIANDRE BIO,2,,none,0.0,0.0,coriandre bio
JEUNE POUSS MIK,2,,none,0.0,0.0,jeune pouss mik
HUMOUS,2,,none,0.0,0.0,humous
HMC SERVIETTE 33CM,2,,none,0.0,0.0,hmc serviette
DELTO VEG CHIC CUR,2,CKY SAV CHIC W/RIC,low,2.25,0.0,delto veg chic cur
HERTA PATE BRISSEE,2,"ARTICHOKE PATE, ARTICHOKE",low,2.5238,0.0238,herta pate brissee
600G POM DUCH DLL,2,FUJI POM BLEND JUICE,low,2.4375,0.0804,pom duch dll
"1,005 KG X 3,79/ KG",2,,none,0.0,0.0,x kg
600G GAUFFRE POT,2,TURKEY POT PIE,low,3.06,0.0415,gauffre pot
250G DLI TORT RIC,2,MEDOVIK  TORT,low,2.5833,0.0208,dli tort ric
250G DLL TORI RIC,2,ENRICHED RIC,low,2.5,0.1,dll tori ric
250G DLL TORT RIC,2,TORT WAFERS,low,2.5217,0.0217,dll tort ric
250G L28 INDONESIA,2,,none,0.0,0.0,l28 indonesia
250ML REAL MAYO SQ,2,REAL MAYO,low,5.8571,0.1696,real mayo sq
PENNE RIGATE BARI,2,PENNE RIGATE MACARONI,low,4.8421,0.0145,penne rigate bari
300G COTE D OR PAT,2,"COTE D'OR, BELGIAN DARK CHOCOLATE",low,3.0333,0.0627,cote d or pat
300G DLL CARE PATE,2,"SELLS, LIVER PATE",low,2.6207,0.012,dll care pate
ROSTIER PURE DORC,2,STILL PURE WATER,low,2.6061,0.0271,rostier pure dorc
33CL SCH GINGER AL,2,"SCHWEPPES, GINGER ALE",low,3.2879,0.0022,sch ginger al
33CL SCHW MOJITO Z,2,Mojito,low,3.1316,0.0482,schw mojito z
350G GRANOLA CHOC,2,"CHOC CHIP CHEWY GRANOLA BARS, CHOC CHIP",low,5.48,0.121,granola choc
350G HG GRANOLA,2,GRANOLA,low,4.8235,0.0053,hg granola
375G XTRA CHO NOIR,2,CHOCOLAT NOIR,low,2.6154,0.0637,xtra cho noir
390G VERMICEL LAIT,2,PAIN AU LAIT,low,2.98,0.0063,vermicel lait
3X200G THON NATURE,2,"MADE IN NATURE, PLUMS",low,2.4737,0.0389,3x200g thon nature
PROSC CRUDO ITALIA,2,PROSCIUTTO D'ITALIA,low,2.7568,0.1097,prosc crudo italia
PRESID BEURRE 250G,2,PETIT BEURRE BISCUIT,low,3.1061,0.1061,presid beurre
400G BICARBONATE,2,,none,0.0,0.0,bicarbonate
400G DLL PATE NOI,2,"COD LIVER PATE, COD LIVER",low,2.5556,0.0101,dll pate noi
250G DLL NICARAGUA,2,85% NICARAGUA ORGANIC DARK CHOCOLATE,low,2.9167,2.9167,dll nicaragua
2400 G SANS GL/LAC,2,,none,0.0,0.0,sans gl lac
450G DLT FOIS BIOL,2,,none,0.0,0.0,dlt fois biol
2145,2,,none,0.0,0.0,
"1,25 KG X",2,,none,0.0,0.0,x
VIDANGE VAL 0.6E,2,CONVERSATION HEARTS VAL PALS CANDY,low,2.8111,0.1957,vidange val
100G COTE D'OR PAI,2,"COTE D'OR, BELGIAN DARK CHOCOLATE",low,2.9889,0.0183,cote d or pai
100G MKA CHOC LAIT,2,MILK CHOC MLNO,low,2.6667,0.0,mka choc lait
125G DLL CASSAVE,2,,none,0.0,0.0,dll cassave
TOAST KROKANT HAU,2,TOAST ROUNDS,low,2.6207,0.0752,toast krokant hau
"175GR CHICON GAST 3,00",2,,none,0.0,0.0,chicon gast
TERUG,2,,none,0.0,0.0,terug
185G LAYS S&BL.DEP,2,Lays Sweet Chili Heat 1z,low,3.0405,0.0578,lays s bl dep
185G LAYS S4BL PEP,2,WY SIP CRN PBLN PEP,low,2.5625,0.076,lays s4bl pep
SUZI CHOCO LAIT 8P,2,HOT CHOCO LATE,low,2.6897,0.0785,suzi choco lait
STEW MARINE,2,STEW MEAT,low,3.2,0.0077,stew marine
SPINAZIE 450GR,2,,none,0.0,0.0,spinazie
SPAGHETTI 500G,2,SPAGHETTI,high,99.0,99.0,spaghetti
SOMI MULTIGRAIN 40,2,MULTIGRAIN,low,3.3,0.0,somi multigrain
SHEZZA PATE PIZZA,2,"PIZZA SAUCE, PIZZA",low,2.7059,0.0,shezza pate pizza
200GR HUMOUS,2,,none,0.0,0.0,humous
SAUMON FUME DL,2,,none,0.0,0.0,saumon fume dl
SAUM FUM CHAU ANET,2,KIMLAN LOU CHAU SOY SAUCE,low,2.2151,0.0106,saum fum chau anet
40G DLL PATE NOI,2,"COD LIVER PATE, COD LIVER",low,2.5556,0.0101,dll pate noi
750G MCC DUCHESSE,2,,none,0.0,0.0,mcc duchesse
450G QUAK MUE MULT,2,,none,0.0,0.0,quak mue mult
450G SKYR NATURE,2,Isey Skyr Natural 170g,low,3.1061,0.0,skyr nature
500G DLL BIO SPAGH,2,,none,0.0,0.0,dll bio spagh
500G MACCHERONI,2,"VODKA MACCHERONI SAUCE, VODKA",low,4.5263,0.0385,maccheroni
POMME DUCHESSE,2,APPLE DICES,low,3.3,0.08,apple duchesse
500G ROMB DESSERT,2,CREAM DESSERT,low,3.3,0.0308,romb dessert
POIVRONS ROUGES,2,,none,0.0,0.0,poivrons rouges
500GR L RIS GRAI,2,,none,0.0,0.0,l ris grai
4X125GR ACTIVIA Y.,2,ACTIVIA GREEK NONFAT YOGURT,low,2.9091,0.0091,4x125gr activia y
450G QUAK MEUS NOI,2,,none,0.0,0.0,quak meus noi
SONA MULTIGRAIN 40,1,MULTIGRAIN,low,3.3,0.0,sona multigrain
SOML BECEL HUILE,1,,none,0.0,0.0,soml becel huile
HERTA LADINS NATUR,1,NATUR LIQUID SEASONING,low,2.25,2.25,herta ladins natur
SOMM SUMM. ECOS,1,,none,0.0,0.0,somm summ ecos
HERTA BLINIS 2KG,1,MINI BLINIS,low,3.1087,0.1643,herta blinis
HERITAGE PATÉ ZNE RON,1,HERITAGE STYLE BREAD,low,2.3841,0.0416,heritage pate zne ron
GUACRACHO 11,1,,none,0.0,0.0,guacracho
STOKBROOD,1,BAGUETTE,high,99.0,99.0,baguette
STAEDTLER 4 FLUOS,1,,none,0.0,0.0,staedtler fluos
POIS CHICHES,1,EARLY SPRING PETIT POIS PEAS,low,2.85,0.0389,pois chiches
OREO GRIG VANILLE,1,OREO COOKIES VANILLA,low,2.7027,0.0711,oreo grig vanille
SPRITAIT FRAI,1,,none,0.0,0.0,spritait frai
SUZY CHOCO LAIT BP,1,HOT CHOCO LATE,low,2.625,0.0444,suzy choco lait bp
POIRES D'OLLE,1,,none,0.0,0.0,poires d olle
PAMPLEMOUSSE ROUGE,1,"ROUGE GOURMET CHEESE, ROUGE",low,2.9545,0.0056,pamplemousse rouge
SRI MARZANO,1,S. MARZANO TOMATO,low,3.1667,0.086,sri marzano
NOSTAL CONF FIGUES,1,MISSION FIGS-FIGUES,low,2.5946,0.1303,nostal conf figues
ORANGES 4P,1,ORANGES,high,99.0,99.0,oranges
HG DETACH SPEC 1,1,2OZ MILKCARTON GOLDFISH SPEC PACKS,low,2.8333,0.1282,hg detach spec
ITAL STYLE GRAINS,1,ASIAN BBQ-STYLE 7 WHOLE GRAINS,low,4.6383,0.1298,ital style grains
HUMOUS MAXI,1,,none,0.0,0.0,humous maxi
POIVRON ROUGE,1,COCOA ROUGE COCOA POWDER,low,2.9324,0.0222,poivron rouge
POISSON NUGGETS,1,GHOSTS NUGGETS,low,3.2586,0.0179,poisson nuggets
HMC COR,1,"ON-COR, CHICKEN PATTIES",low,2.7759,0.0536,hmc cor
SCHWEPPES TON,1,"SCHWEPPES, TONIC WATER",low,3.2647,0.098,schweppes ton
HGK RCH PG MCH,1,BCrck Rch&Crmy MlkChoc Frstng,low,2.4651,0.0365,hgk rch pg mch
HG SCHIMMELVLEKENRE,1,,none,0.0,0.0,hg schimmelvlekenre
HG DETACH SPEC 7,1,2OZ MILKCARTON GOLDFISH SPEC PACKS,low,2.8333,0.1282,hg detach spec
HG DET ECL CARREL,1,,none,0.0,0.0,hg det ecl carrel
POINTS SUR MONTANT DES ACHATS,1,BIG SUR BREAKFAST BURRITOS,low,1.9636,0.0303,points sur montant des achats
SERVIETTE PAQUES,1,,none,0.0,0.0,serviette paques
SERVIETTES 33CM,1,,none,0.0,0.0,serviettes
SH A DEL MEN PURE,1,"MI-DEL, GINGERBREAD MEN, GINGER",low,4.4348,0.0197,sh a del men pure
ORALB ENAMEL 1+1,1,,none,0.0,0.0,oralb enamel
HERTA MINI PI,1,,none,0.0,0.0,herta mini pi
HERTA LRDS NATUR,1,NATUR LIQUID SEASONING,low,2.2632,2.2632,herta lrds natur
SHRIMY MACASSOU,1,,none,0.0,0.0,shrimy macassou
SN 80836950,1,,none,0.0,0.0,sn
HERTA LRDNS NAT,1,"Whole Grain Yellow Star Cookie, IW all nat",low,2.3929,0.0673,herta lrdns nat
SOMA CHOCOLAT BIO,1,CHOCOLAT NOIR,low,3.1667,0.0267,soma chocolat bio
GUAC MEUS NOI,1,"SPICY GUAC MIX, SPICY",low,2.4848,0.0021,guac meus noi
T NOIR DE NOIR C.DO,1,COTE D'OR NOIR DE NOIR CHOCOLATE TABLET DARK,low,4.5714,0.1033,t noir de noir c do
JEUNE POUSE MIX,1,HUNTER'S MIX,low,2.6667,0.0,jeune pouse mix
VELDSLAA,1,,none,0.0,0.0,veldslaa
GALBANI RICOTTA 25,1,"GALBANI, RICOTTA CHEESE",low,5.8108,0.1586,galbani ricotta
GALBANI MOZZA 125G,1,"GALBANI, MOZZARELLA CHEESE",low,5.8372,0.1025,galbani mozzarella
VERMICEL LAIT,1,PAIN AU LAIT,low,2.98,0.0063,vermicel lait
PATE DE LARD 1L,1,"Pate, truffle flavor",low,3.1452,0.0023,pate de lard
FUSILLI,1,FUSILLI,high,99.0,99.0,fusilli
FRUIT ET LEGUMES,1,FRUIT GUMMIES,low,3.2586,0.0489,fruit et legumes
PATEE IL,1,,none,0.0,0.0,patee il
PDT CHARLOTTE 1KG,1,"PREMIUM ICE CREAM, STRAWBERRY CHARLOTTE",low,2.9706,0.052,pdt charlotte
FROMAGE ENTIE,1,FROMAGE AMI,low,3.25,0.3578,fromage entie
FRISK XL TINS PEP,1,"LIFE SAVERS, MINT PEP O MINT",low,2.4545,0.0101,frisk xl tins pep
VIDAVAL VAL 1.2E,1,CONVERSATION HEARTS VAL PALS CANDY,low,2.9,0.1692,vidaval val
VIDEOTEC VAL 0.6E,1,CONVERSATION HEARTS VAL PALS CANDY,low,2.8478,0.2346,videotec val
VILEDA EPON UNIVER,1,,none,0.0,0.0,vileda epon univer
VINIGRE VIN BLANC,1,"GOYA, QUESO BLANC",low,2.4848,0.0638,vinigre vin blanc
VLINDERS,1,,none,0.0,0.0,vlinders
"VLINDERS 0,655 KG X",1,,none,0.0,0.0,vlinders x
FRESH CLEAN BR PEP,1,"FRESH KIDS, CLEAN & SIMPLE POPCORN",low,4.6122,0.0706,fresh clean br pep
VOLAILLE/GIBIER,1,,none,0.0,0.0,volaille gibier
PDT GRENA 1KG BIO,1,,none,0.0,0.0,pdt grena bio
YAOURT MIGRE BIO,1,,none,0.0,0.0,yaourt migre bio
VEET MINIMA VISAGE,1,,none,0.0,0.0,veet minima visage
ULTRA DOUX SH MERV,1,ULTRA THIN HAM,low,2.5625,0.022,ultra doux sh merv
UL DOUX SH CAMIL,1,"DOUX SOUTH, SPICY CUCUMBER PICKLES",low,2.9898,0.002,ul doux sh camil
TICKET CLIENT,1,,none,0.0,0.0,ticket client
"GS: 225,77",1,,none,0.0,0.0,gs
GROENTEA CAFE TRAP,1,"Coffee, Cafe Mocha",low,2.5714,0.0089,groentea cafe trap
GROENE SELDER PER ST,1,"GREAT VALUE, 8G PROTEIN PER CUP SOYMILK",low,2.4138,0.0531,groene selder per st
GRAN CHOC&NO,1,ANNIES CHWY GRAN BARS CHOC CHIP,low,5.4651,0.0577,gran choc no
GOACAMOLE DO 200GR,1,,none,0.0,0.0,goacamole do
TAGLIATELLE 300G,1,TAGLIATELLE,high,99.0,99.0,tagliatelle
POI: 01691910,1,Poi,high,99.0,99.0,poi
GMBER POEDER,1,,none,0.0,0.0,gmber poeder
PLATEAU FAMIGLIA,1,"BELLA FAMIGLIA, PUTTANESCA",low,3.0366,0.0128,plateau famiglia
TIMBRE(S) MASCOTTE REÇU,1,,none,0.0,0.0,timbre s mascotte recu
PERSIL BOUTE,1,,none,0.0,0.0,persil boute
TM BENNEE NOTEN,1,,none,0.0,0.0,tm bennee noten
GAUFR CH,1,,none,0.0,0.0,gaufr ch
TOAST KRAKANT HAU,1,FRENCH TOAST BREAKFAST,low,2.5641,0.0124,toast krakant hau
PISSOILET,1,,none,0.0,0.0,pissoilet
TOAST ORIGINA,1,"ORIGINAL TOAST, ORIGINAL",low,3.2222,0.0822,toast origina
TOMAT TOAST ROMARIN,1,"TEXAS TOAST, GARLIC",low,2.6486,0.0296,tomat toast romarin
TOTAL POINTS TICKET,1,TOTAL INSANITY HOT SAUCE,low,2.5581,0.0091,total points ticket
TOTAL TIMBRE(S) TICKET MASCOTTE,1,Total Breakfast Cereal,low,2.25,0.0088,total timbre s ticket mascotte
TR.ORIGINAL 180G,1,"TEA, ORIGINAL",low,4.8696,0.0275,tr original
JENVERBRESEN,1,,none,0.0,0.0,jenverbresen
SAPTAF APPEL,1,,none,0.0,0.0,saptaf appel
OLIVES KALAMATA,1,"KALAMATA OLIVES, KALAMATA",low,5.7692,0.1026,olives kalamata
PREIS BEURRE 250G,1,PETIT BEURRE BISCUIT,low,3.125,0.1122,preis beurre
PREIS BEURRE FT D,1,PETIT BEURRE BISCUIT,low,3.1486,0.0577,preis beurre ft d
MOUSSE MOKKA,1,MOUSSE MIX,low,3.2273,0.0316,mousse mokka
MKA 30 MELO CAKES,1,MAC & CHEESE CAKES,low,2.6667,0.0,mka melo cakes
PRITT CORRECT-IT,1,,none,0.0,0.0,pritt correct it
MIXTEARD 250G IMPE,1,,none,0.0,0.0,mixteard impe
MIRTILLES 500GR,1,,none,0.0,0.0,mirtilles
MINIQUES 500GR,1,,none,0.0,0.0,miniques
MINI SPECULOOS CHO,1,"REDUCED FAT MILK, SPECULOOS COOKIE",low,3.0882,0.0,mini speculoos cho
OEUFS 6PC,1,,none,0.0,0.0,oeufs
PT SUISSE M 6X60G,1,"GRAND + SUISSE, LE GRUYERE",low,3.0,0.05,pt suisse m 6x60g
POMELO 9/PC,1,DRIED POMELO,low,4.5714,0.0,pomelo pc
MINI BABYBEL,1,"SNACK TRAY, WITH EGG & BABYBEL CHEESE",low,4.3913,0.0731,mini babybel
MILKA CHOCO SUPREM,1,MILKA CHOCOLATE,low,2.7273,0.0761,milka choco suprem
RAN POMPADURINETTE 15,1,,none,0.0,0.0,ran pompadurinette
POMELO,1,DRIED POMELO,low,4.6667,0.0,pomelo
RHIZIN MUS 500G,1,98% FF CR MUS,low,2.9545,2.9545,rhizin mus
OEUFS COLOMBUS,1,,none,0.0,0.0,oeufs colombus
MES DEJEUNER DE SALAD,1,MISO UDON NOODLE SALAD,low,2.6512,0.0025,mes dejeuner de salad
MERGELSTOKS.GROO,1,,none,0.0,0.0,mergelstoks groo
NUTELLA,1,"BON APPE, NUTELLA, SWIRL COOKIES",low,4.3784,0.01,nutella
MOZZA BUFALINA,1,MOZZARELLA PERLINE,low,3.2568,0.0012,mozzarella bufalina
JEUNE POUSS MIX,1,HUNTER'S MIX,low,2.6667,0.0196,jeune pouss mix
"NS: 207,23",1,,none,0.0,0.0,ns
NOUVEAU SOLDE DE POINTS,1,,none,0.0,0.0,nouveau solde de points
POMMES BROLES,1,POMMES SAUCE,low,3.14,0.015,pommes broles
NOCCI CONF FIGUES,1,MISSION FIGS-FIGUES,low,2.6111,0.1384,nocci conf figues
POMMES DROLES,1,POMMES SAUCE,low,3.14,0.015,pommes droles
NET MULTISURF ECO,1,"CHEF'S NET, PREMIUM COOKED SHRIMP",low,2.3673,0.0173,net multisurf eco
NESCAFE ESPRESSO,1,"CHEESECAKE, ESPRESSO",low,3.3,0.0903,nescafe espresso
NEOJOYANCE CITRONEL,1,,none,0.0,0.0,neojoyance citronel
NATURAL OLIVES BIO,1,"OLOVES, NATURAL OLIVES",low,4.7179,0.0513,natural olives bio
MYRTELLES 500GR,1,,none,0.0,0.0,myrtelles
POMMES JEUNES POUS,1,"POMMES SAUCE, POMMES",low,2.6667,0.0606,pommes young pous
POMMETTE 500G,1,,none,0.0,0.0,pommette
POUSS MIK,1,,none,0.0,0.0,pouss mik
MULIGRAINS BUN,1,"Roll, multigrain, hot dog bun",low,3.1341,0.0255,muligrains bun
MRS. JEUNES POUSSE,1,FRESH YOUNG TURKEY,low,2.6471,0.0155,mrs young pousse
MRS JEUNES POUSSE,1,FRESH YOUNG TURKEY,low,2.6471,0.0155,mrs young pousse
MRK 30 MELO CAKES,1,CREME CAKES,low,2.72,0.0243,mrk melo cakes
MRA 30 MELO CAKES,1,CREME CAKES,low,2.72,0.0243,mra melo cakes
PR.SAN DANIELE,1,PROSCIUTTO DI SAN DANIELE,low,5.7179,0.1346,pr san daniele
MOZZA SX10,1,MOZZARELLA,low,3.3,0.0258,mozzarella sx10
RINSETAK,1,,none,0.0,0.0,rinsetak
RIZ DLONG BIO,1,,none,0.0,0.0,riz dlong bio
OEUFS COQUUES,1,,none,0.0,0.0,oeufs coquues
ROSBIEF,1,,none,0.0,0.0,rosbief
LIJNZAAD GEBROKEN 15,1,,none,0.0,0.0,lijnzaad gebroken
SALADE ROUGET,1,,none,0.0,0.0,salade rouget
LIEGEOIS GOUT CAFE,1,IRISH CREME CAFE,low,2.5294,0.0031,liegeois gout cafe
SALADE TOILET,1,,none,0.0,0.0,salade toilet
POIVRONS JAUNES,1,,none,0.0,0.0,poivrons jaunes
OIGNONS JAUNES:2KG,1,GREEN ONIONS OIGNONS VERT,low,2.9615,2.9615,oignons jaunes
"SAN MARZANO 1,650 KG X",1,SAN MARZANO TOMATOES,low,5.7273,0.0606,san marzano x
KROK FLOCONS LAIT,1,"GREEK YOGURT, CAFE AU LAIT",low,2.4286,0.0148,krok flocons lait
KROEPOEK NAT,1,CPB NAT NECC,low,2.9167,0.0383,kroepoek nat
SAN PELLEGRINO,1,"SAN GIORGIO, ZITI NO. 28",low,3.0,0.0152,san pellegrino
KLEI VADEN,1,,none,0.0,0.0,klei vaden
KIPFILET BLOND XL,1,"FREY, BLOND CRUNCHY ALMOND BAR",low,2.9348,0.0933,kipfilet blond xl
KINZ SUNGOLD XL,1,"Kiwifruit, ZESPRI SunGold, raw",low,3.0581,3.0581,kinz sungold xl
SANPELLEGRINO,1,SanPellegrino Pink Grapefruit Can 330ml,low,4.5,4.5,sanpellegrino
KAKI 4P,1,KAKI NO TANE CHILI BITS,low,4.2963,0.0382,kaki
K&K 40%,1,,none,0.0,0.0,k k
FRASER 1//2 E,1,,none,0.0,0.0,fraser e
POMMEOUSE ROUGE,1,"ROUGE GOURMET CHEESE, ROUGE",low,3.0366,0.1263,pommeouse rouge
OLIVES A L'AIL,1,OLIVES SALAD,low,3.2692,0.1241,olives a l ail
SALADE FOLLET,1,,none,0.0,0.0,salade follet
POIVRONS MIX,1,COLLINS MIX,low,3.1957,0.0,poivrons mix
SALAD MOROCCA,1,SALAD MEAL,low,3.1957,0.029,salad morocca
MEERGRANENSTOK.GROO,1,,none,0.0,0.0,meergranenstok groo
MELO CAKES,1,CLOUD CAKES,low,3.2619,0.0,melo cakes
OEUFS FRAIS BIO 12PC,1,,none,0.0,0.0,oeufs frais bio
MELI-MELO JORIS,1,"MELI'S, MONSTER COOKIES, CHOCOLAT",low,2.3478,2.3478,meli melo joris
MEL. JEUNES POUSSE,1,SMALL YOUNG PEAS,low,2.6875,0.0559,mel young pousse
MEL JEUNES POUSSE,1,SMALL YOUNG PEAS,low,2.6875,0.0559,mel young pousse
ROSEB,1,,none,0.0,0.0,roseb
ROSEIF,1,,none,0.0,0.0,roseif
ROSTY,1,,none,0.0,0.0,rosty
MECHELSESTEWEG 207,1,,none,0.0,0.0,mechelsesteweg
SALAD ITALIAN,1,"ITALIAN SALAD, ITALIAN",low,5.7647,0.0805,salad italian
OIGNON ROUGE 2PC,1,"ROUGE GOURMET CHEESE, ROUGE",low,2.9737,0.0086,oignon rouge
ROZZA BUFALINA,1,,none,0.0,0.0,rozza bufalina
MARCHEOUS BLOC TRA,1,"X-TRA, MANGO DRINK",low,2.2286,0.0234,marcheous bloc tra
SAIL SURIMI-CRABE,1,FLAKE STYLE SURIMI CRAB MEAT,low,2.6667,0.0351,sail surimi crabe
LITCHIS,1,"Litchis, raw",low,4.7778,0.0778,litchis
SAL BLEME 100GR,1,"HOT SAL'S, HOT",low,2.8636,0.0065,sal bleme
SAL. PRINTANIERE /J,1,SIN SAL MANTEQUILLA,low,2.8889,0.0215,sal printaniere j
SAL. SURIMI-CRABE,1,FLAKE STYLE SURIMI CRAB MEAT,low,2.6818,0.0872,sal surimi crabe
SALAD MEXIC STYLE,1,"SALAD, SANTA FE STYLE",low,4.7027,0.0198,salad mexic style
DIK STOKBROOD,1,DEMI BAGUETTE,low,3.38,0.08,dik baguette
FRAISES 500G,1,STRAWBERRIES FRAISES,low,4.5185,0.1771,fraises
400G DLI PATE NOIS,1,LIVER PATE,low,2.6087,0.0,dli pate nois
3X200G DELH CAROTT,1,,none,0.0,0.0,3x200g delh carott
3X400G TOMAT PEL C,1,,none,0.0,0.0,3x400g tomat pel c
4 STUK,1,,none,0.0,0.0,stuk
"4 X 1,39",1,,none,0.0,0.0,x
"4 X 1,89",1,,none,0.0,0.0,x
4 X 1L APEROL,1,,none,0.0,0.0,x aperol
400G DLL PATE NOIS,1,"COD LIVER PATE, COD LIVER",low,2.5405,0.0188,dll pate nois
25CL CORE ZERO PET,1,Coke Chry Zero 20OZA PL BT,low,2.5641,0.0347,core zero pet
400G HEBEI LOOPS,1,COCOA MAGIC LOOPS,low,3.0,0.0758,hebei loops
400G MUC DUCHE DDL,1,Kho Muc Dried Squid 100g,low,2.3784,2.3784,muc duche ddl
400G PATE NOIS CRU,1,PATE WITH GOOSE,low,2.5,0.0,pate nois cru
400G SAUMON FUM NOR,1,"NOR CAL RAW & UNFILTERED HONEY, NOR CAL",low,2.32,2.32,saumon fum nor
400ML LAIT DE COCO,1,NASTA DE COCO,low,3.3,0.1636,lait de coco
40G MELANGE 5 BAIE,1,FRUIT MELANGE,low,3.06,0.0337,melange baie
380G VERMICEL LAIT,1,PAIN AU LAIT,low,2.98,0.0063,vermicel lait
364ML DOUX REM MERV,1,"DOUX SOUTH, CREOLE MUSTARD",low,2.5263,0.1734,doux rem merv
35G MEDIT HERB MIX,1,HERB MIX,low,4.7273,0.0606,medit herb mix
350G DLL MIEL BIO,1,MANZANILLA MIEL TEA BAGS,low,3.0,0.125,dll miel bio
350G BG GRANOLA,1,GRANOLA,low,4.8235,0.0053,bg granola
33CL LA CHOUFFE,1,,none,0.0,0.0,la chouffe
32CL MOGU MOGU FR,1,MOGU MOGU SAUCE & DRESSING,low,4.6111,0.0051,mogu mogu fr
300NL SAMOURAI SQ,1,,none,0.0,0.0,samourai sq
300G SW WIT NOUILL,1,"WOS-WIT, BACON DRESSING",low,2.9571,0.0071,sw wit nouill
300G NUTELLA,1,"BON APPE, NUTELLA, SWIRL COOKIES",low,4.3784,0.01,nutella
300G FLOC AVOI BIO,1,,none,0.0,0.0,floc avoi bio
3 X 1.55,1,,none,0.0,0.0,x
3 MOUSQUET NOIS BIO,1,,none,0.0,0.0,mousquet nois bio
2X90G HAR. RO 0%SE,1,"PENANG HAR MEE, MI GORENG INSTANT NOODLES",low,2.8273,2.8273,2x90g har ro se
2R DIL ESS TT DEC,1,"TACO DIL-LICIOUS FRIES, TACO DIL-LICIOUS",low,2.4151,0.0595,dil ess tt dec
286G FITNESS BAGUE,1,FITNESS MIX,low,3.1667,0.0667,fitness bague
280G DLL ARTICH GR,1,,none,0.0,0.0,dll artich gr
450G DIL BOIS BIOL,1,"TACO DIL-LICIOUS FRIES, TACO DIL-LICIOUS",low,2.3462,0.0033,dil bois biol
450G MINI ROSTI,1,ROSTI,medium,4.6667,0.2883,mini rosti
450G NESQUIK CEREA,1,NESQUIK Vanilla Lowfat Milk 14 fl oz Bottle,low,2.8214,2.8214,nesquik cerea
600G DFL POMME PIN,1,8 APPLE PIE,low,2.75,0.0227,dfl apple pin
750G DLL SEL MA IO,1,TNDRLN FILLET SEL C/C 4OZ,low,3.0263,0.0873,dll sel ma io
750G DLL PATE NOI,1,"COD LIVER PATE, COD LIVER",low,2.5556,0.0101,dll pate noi
75 ROSE MONTAUR18R,1,ROSE WATER,low,3.06,0.0195,rose montaur18r
70G PATE CURRY JAU,1,RED CURRY SAUCE,low,2.6897,0.0445,pate curry jau
6XSCHWEPPES MOJITO,1,Mojito,high,99.0,99.0,mojito
6X33CL SCHWEPPES T,1,"SCHWEPPES, TONIC WATER",low,3.0641,0.0378,6x33cl schweppes t
6X33CL LEFFE 0.0 C,1,,none,0.0,0.0,6x33cl leffe c
6X33CL 7UP,1,,none,0.0,0.0,6x33cl
6X25CL JUPILER 0.6E,1,,none,0.0,0.0,6x25cl jupiler
6X25CL APPLETISER,1,,none,0.0,0.0,6x25cl appletiser
6X1L SANPELLEGRINO,1,SanPellegrino Pink Grapefruit Can 330ml,low,2.9561,2.9561,6x1l sanpellegrino
60ML TAB PIME ROUG,1,SJ GNT TAB 2/24/.97Z,low,2.3125,0.0347,tab pime roug
60G MEDIT HERB MIX,1,HERB MIX,low,4.7273,0.0606,medit herb mix
600G PM DUCH DIL,1,SUPER JUMBO DIL PICKLE,low,2.8636,0.1636,pm duch dil
6 WHARS DE BLE,1,EPI DE BLE,low,3.1364,3.1364,whars de ble
450G NESSTIX CEREA,1,,none,0.0,0.0,nesstix cerea
6 PAINS HAMBURGER,1,PLAIN HAMBURGER BUN,low,3.3235,0.0588,pains hamburger
"6 BOULES X 3,75/ KG",1,"CHEDDA!, BALLS-BOULES CORN SNACKS, CHEESE",low,4.3673,0.0144,boules x kg
5G SM SAFFRAN,1,,none,0.0,0.0,sm saffran
580G CHOCOS,1,,none,0.0,0.0,chocos
500ML OLIV EX,1,,none,0.0,0.0,oliv ex
500ML HEINZ KETCH,1,HEINZ TOMATO KETCHUP,low,3.2097,0.0,heinz ketch
500ML ERA SIRO BIO,1,"SIRO, GO4FRIES, POTATO FRIES, ORIGINAL",low,2.7979,2.7979,era siro bio
500ML DLL MAYO OEU,1,"LIME MAYO, LIME",low,2.6154,0.0321,dll mayo oeu
500G SP 3X LAIT CHO,1,PAIN AU LAIT,low,3.0217,0.0056,sp lait cho
500G PEST AL EBR,1,,none,0.0,0.0,pest al ebr
500G MIX 7 LAIT CHO,1,"SNACK MIX, FLAMIN' HOT",low,2.625,0.025,mix lait cho
500G ESRP GRAINS,1,SUPER GRAINS,low,3.2826,0.087,esrp grains
500 POCHETTES PERF,1,,none,0.0,0.0,pochettes perf
4OOG NUTELLA,1,"BON APPE, NUTELLA, SWIRL COOKIES",low,4.3784,0.01,nutella
28 TENA ULT MINI,1,TENA FIGS,low,3.0455,0.1781,tena ult mini
255G DLL TOAST,1,Melba toast,low,3.2,0.0333,dll toast
750G ROSET,1,,none,0.0,0.0,roset
150G MILKA CHO TUT,1,MILKA & TUC,low,2.7273,0.013,milka cho tut
125G HUGLES NATURE,1,"NATURE'S WAY, NATURE'S MIX",low,3.0263,0.0415,hugles nature
125G HUGLES PAPRIK,1,,none,0.0,0.0,hugles paprik
12T KNOOR BOU POU,1,US MAGGI Bou Chicken Cubes 128ct,low,2.2667,2.2667,knoor bou pou
132G B-READY T6,1,READY PASTA,low,4.6667,0.0238,b ready t6
140G POUSE MIX,1,MOUSSE MIX,low,3.3421,0.0186,pouse mix
15 DREFT ADM PLAT,1,"PLAT-BASED PASTA, RED LENTIL SPAGHETTI",low,2.1569,2.1569,dreft adm plat
150ML REX QUANT DR,1,"REX, COCONUT WATER",low,3.0517,0.1733,rex quant dr
250ML HO HERB ITAL,1,HERB SALT,low,3.1667,0.0238,ho herb ital
16+,1,,none,0.0,0.0,
160G FEVES DE SOJA,1,SOY BOISSON AUY SOJA,low,2.9242,0.1465,feves de soja
165G PRINGLES ORIG,1,"PRINGLES, POTATO CRISPS",low,3.1857,0.0811,pringles orig
175GR JEUNES POUSS,1,YOUNG CORN,low,3.1667,0.058,young pouss
175GR JEUNES POUSSE,1,YOUNG TURKEY,low,3.1667,0.0303,young pousse
185G LAYS PAPRIKA,1,PAPRIKA,low,3.2368,0.0168,lays paprika
125G DLL CRAC A,1,,none,0.0,0.0,dll crac a
125G CHIPS SEL,1,"CHIPS, SEA SALT",low,3.2826,0.0458,chips sel
125G BUGLES PAPRIK,1,"BUGLES, ORIGINAL",low,3.1429,0.0546,bugles paprik
125G BOULES PAPRIK,1,"CHEDDA!, BALLS-BOULES CORN SNACKS, CHEESE",low,2.8529,0.0196,boules paprik
10X18.5G YOERRY,1,,none,0.0,0.0,10x18 yoerry
100ML MERC 70%ALC,1,,none,0.0,0.0,merc alc
100GR JERUSAPOUSS,1,,none,0.0,0.0,jerusapouss
10 M GEL LIEN FIX,1,"ENERGY GEL, LEMON SUBLIME",low,2.5263,0.0436,m gel lien fix
1.5L VICHY CELEST,1,1 LITER BOTTLE VICHY WATER,low,2.8684,2.8684,vichy celest
1.5L SCHWEPPES TON,1,"SCHWEPPES, TONIC WATER",low,3.2647,0.098,schweppes ton
1.5L SCHWEPP MOJIT,1,,none,0.0,0.0,schwepp mojit
1.5L COCA REG PET,1,PB Pet-Ritz Reg Pie Crusts 2Ct,low,4.381,4.381,coca reg pet
1.5KG SINASAPPEL PA,1,,none,0.0,0.0,sinasappel pa
1.25MARTYD,1,,none,0.0,0.0,
"1,640 KG X",1,,none,0.0,0.0,x
"1,240 KG X 2,99/ KG",1,,none,0.0,0.0,x kg
"1,125 KG X 3,15/ KG",1,,none,0.0,0.0,x kg
185G LAYS S&BL.PEP,1,WY SIP CRN PBLN PEP,low,3.125,0.0845,lays s bl pep
185G LAYS SABL.PEP,1,WY SIP CRN PBLN PEP,low,2.5625,0.0108,lays sabl pep
185G POIS CA,1,EARLY SPRING PETIT POIS PEAS,low,4.3429,0.0185,pois ca
200G SCROCHI EP,1,,none,0.0,0.0,scrochi ep
250G PATE TARTINER,1,GOOSE PATE WITH PORT WINE,low,3.0789,0.0075,pate tartiner
250G NOCCIOLAT BIO,1,,none,0.0,0.0,nocciolat bio
250G DLL TOA ROMARIN,1,,none,0.0,0.0,dll toa romarin
250G DLL MYRTILLES,1,"DOLE, BLUEBERRIES",low,3.4032,0.0571,dll blueberries
250G DLL FRAMBOISE,1,SORBET A LA FRAMBOISE,low,3.1471,3.1471,dll framboise
250G DLL FRAISES,1,STRAWBERRIES FRAISES,low,3.0161,0.1161,dll fraises
240G GAUF VANI CHO,1,HOT SAUCE PIMENT CHO,low,2.4848,0.2156,gauf vani cho
24 DLI BOUGIES,1,,none,0.0,0.0,dli bougies
2065 PEHL NEW BIO,1,"SUPER CHILL, NEW CHOICE COLA",low,3.0641,0.0641,pehl new bio
205 ST OAL BIO,1,,none,0.0,0.0,st oal bio
205 POISSA RELAX BIO,1,ORGANIC RELAX SHOT,low,3.0882,0.0697,poissa relax bio
200GR. HOUMOUS,1,HUMMUS,high,99.0,99.0,hummus
200GR NOCE NOTEN,1,,none,0.0,0.0,noce noten
200GR HOMMOUS,1,HOMMOUS DIP,high,4.7778,4.7778,hommous
200G SCROCCHI EP,1,SCROCCHI MIX,low,4.7826,0.1159,scrocchi ep
185G TORTIL CHILI,1,ORIGINAL CHILI,low,3.2692,0.0192,tortil chili
200G PETAIND JEU,1,,none,0.0,0.0,petaind jeu
200G DUYVIS CRAC A,1,,none,0.0,0.0,duyvis crac a
200G DUYVIS CRAAC A,1,,none,0.0,0.0,duyvis craac a
200G DUVIES CRAC A,1,,none,0.0,0.0,duvies crac a
200G DUUVIS CRAC A,1,,none,0.0,0.0,duuvis crac a
200G DLL FOIS BIOL,1,,none,0.0,0.0,dll fois biol
200G DE INSTANT GO,1,NOODLE INSTANT SOUP,low,4.75,0.03,de instant go
20 NO STRESS BIO,1,RX STRESS HERBAL ICED TEA,low,4.5263,0.1263,no stress bio
20 F BECKMANN,1,"BECKMANN'S, HOMESTYLE STUFFING MIX CORNBREAD",low,4.3019,4.3019,f beckmann
2 X 200G SM MINI TORTI,1,,none,0.0,0.0,x sm mini torti
"2 X 1,99",1,,none,0.0,0.0,x
1TR CLASSIC BIO,1,,none,0.0,0.0,classic bio
1ST B'BETJIME BIO,1,,none,0.0,0.0,b betjime bio
1KG FARINE FERMENT,1,,none,0.0,0.0,farine ferment
750G NUTELLA,1,"BON APPE, NUTELLA, SWIRL COOKIES",low,4.3784,0.01,nutella
800G HARIC VER COU,1,APRCT RSBRY VER,low,2.5,0.05,haric ver cou
FLEURS 36,1,,none,0.0,0.0,fleurs
DEL FROMAGE MAIGRE,1,FROMAGE AMI,low,2.6897,0.1754,del fromage maigre
DALI HUILE OLIV EX,1,,none,0.0,0.0,dali huile oliv ex
DANONE ACT 0% SX,1,"DANONE, DAIRY DRINK",low,3.0806,0.0,danone act sx
DANONE COT CH 400G,1,"DANONE, DAIRY DRINK, COCONUT, COCO",low,3.0455,0.0293,danone cot ch
DANONE SKYR FRAISE,1,Isey Skyr Strawberry 350g,low,4.7234,0.0567,danone skyr strawberry
DANONE SKYR NAT 4X,1,"DANONE, DAIRY SNACK",low,2.6061,0.0655,danone skyr nat
DAONNE ACT FRAISES,1,STRAWBERRIES FRAISES,low,2.5263,0.0263,daonne act fraises
DIEP ASELIN,1,,none,0.0,0.0,diep aselin
COCIGRETTES,1,,none,0.0,0.0,cocigrettes
"1,125 KG X 1,95/ KG",1,,none,0.0,0.0,x kg
DIKKE PREI BUSSEL,1,,none,0.0,0.0,dikke prei bussel
DILLE,1,,none,0.0,0.0,dille
DINOSAURE CEREALE,1,,none,0.0,0.0,dinosaure cereale
DIXMONT BEUR 250G,1,,none,0.0,0.0,dixmont beur
DLH PARM REGG AOP,1,PF GARL/PARM BREAD,low,2.3214,0.0887,dlh parm regg aop
DACS 200 BAT OUATE,1,CANDY BAT & MOON,low,2.5,0.0385,dacs bat ouate
D3G5 SAES BOUB 30L,1,,none,0.0,0.0,d3g5 saes boub
D&L MAYO TD,1,LIME MAYO,low,4.6,0.0,d l mayo td
D&L BEURRE BIO,1,PETIT BEURRE BISCUIT,low,4.5882,0.0029,d l beurre bio
CRUNCH NO/CAC,1,CRUNCH SNACKS,low,3.2692,0.0,crunch no cac
COUSTRON ROUGE,1,COCOA ROUGE COCOA POWDER,low,2.9737,0.0237,coustron rouge
COULEMUS OEUVS 6PC,1,,none,0.0,0.0,coulemus oeuvs
CORNE CHOCO 200G,1,MINI-CHOCO,low,3.1667,0.0238,corne choco
COQUETTES,1,,none,0.0,0.0,coquettes
COPPA,1,COPPA,high,99.0,99.0,coppa
COOP HOUMOUS,1,HOPE HUMMUS,low,3.3182,0.0,coop hummus
CONFRENCE 4PC,1,,none,0.0,0.0,confrence
CONFERENCE 4PC,1,,none,0.0,0.0,conference
CONF.NOSTALGIE MA,1,,none,0.0,0.0,conf nostalgie ma
CONF. NOSTALGIE,1,,none,0.0,0.0,conf nostalgie
CONCOMBRE 4PC,1,,none,0.0,0.0,concombre
COLUMBUS OEUFFS 6PC,1,"COLUMBUS, CHORIZO CASERO",low,3.0789,0.0148,columbus oeuffs
DLL 1KG LG RIZ BRU,1,,none,0.0,0.0,dll lg riz bru
DLL 9R PAPIER WC,1,PAPIER MACHE EGG WITH SALT CARAMEL PRESENTS,low,2.8214,2.8214,dll papier wc
DLL BIO OEUVS 12PC,1,,none,0.0,0.0,dll bio oeuvs
